:0200000460009A
:100000004643464200000156000000000103030081
:1000100000000000000000000000000000000000E0
:1000200000000000000000000000000000000000D0
:1000300000000000000000000000000000000000C0
:1000400000000000010408000000000000000000A3
:100050000000800000000000000000000000000020
:100060000000000000000000000000000000000090
:100070000000000000000000000000000000000080
:10008000EB04180A063204260000000000000000FD
:10009000050404240000000000000000000000002F
:1000A0000000000000000000000000000000000050
:1000B0000604000000000000000000000000000036
:1000C0000000000000000000000000000000000030
:1000D00020041808000000000000000000000000DC
:1000E0000000000000000000000000000000000010
:1000F0000000000000000000000000000000000000
:10010000D8041808000000000000000000000000F3
:100110000204180804200000000000000000000095
:1001200000000000000000000000000000000000CF
:10013000600400000000000000000000000000005B
:1001400000000000000000000000000000000000AF
:10015000000000000000000000000000000000009F
:10016000000000000000000000000000000000008F
:10017000000000000000000000000000000000007F
:10018000000000000000000000000000000000006F
:10019000000000000000000000000000000000005F
:1001A000000000000000000000000000000000004F
:1001B000000000000000000000000000000000003F
:1001C000000100000010000001000000000000001D
:1001D000000001000000000000000000000000001E
:1001E000000000000000000000000000000000000F
:1001F00000000000000000000000000000000000FF
:10020000FFFFFFFFFFFFFFFFFFFFFFFFFFFFFFFFFE
:10021000FFFFFFFFFFFFFFFFFFFFFFFFFFFFFFFFEE
:10022000FFFFFFFFFFFFFFFFFFFFFFFFFFFFFFFFDE
:10023000FFFFFFFFFFFFFFFFFFFFFFFFFFFFFFFFCE
:10024000FFFFFFFFFFFFFFFFFFFFFFFFFFFFFFFFBE
:10025000FFFFFFFFFFFFFFFFFFFFFFFFFFFFFFFFAE
:10026000FFFFFFFFFFFFFFFFFFFFFFFFFFFFFFFF9E
:10027000FFFFFFFFFFFFFFFFFFFFFFFFFFFFFFFF8E
:10028000FFFFFFFFFFFFFFFFFFFFFFFFFFFFFFFF7E
:10029000FFFFFFFFFFFFFFFFFFFFFFFFFFFFFFFF6E
:1002A000FFFFFFFFFFFFFFFFFFFFFFFFFFFFFFFF5E
:1002B000FFFFFFFFFFFFFFFFFFFFFFFFFFFFFFFF4E
:1002C000FFFFFFFFFFFFFFFFFFFFFFFFFFFFFFFF3E
:1002D000FFFFFFFFFFFFFFFFFFFFFFFFFFFFFFFF2E
:1002E000FFFFFFFFFFFFFFFFFFFFFFFFFFFFFFFF1E
:1002F000FFFFFFFFFFFFFFFFFFFFFFFFFFFFFFFF0E
:10030000FFFFFFFFFFFFFFFFFFFFFFFFFFFFFFFFFD
:10031000FFFFFFFFFFFFFFFFFFFFFFFFFFFFFFFFED
:10032000FFFFFFFFFFFFFFFFFFFFFFFFFFFFFFFFDD
:10033000FFFFFFFFFFFFFFFFFFFFFFFFFFFFFFFFCD
:10034000FFFFFFFFFFFFFFFFFFFFFFFFFFFFFFFFBD
:10035000FFFFFFFFFFFFFFFFFFFFFFFFFFFFFFFFAD
:10036000FFFFFFFFFFFFFFFFFFFFFFFFFFFFFFFF9D
:10037000FFFFFFFFFFFFFFFFFFFFFFFFFFFFFFFF8D
:10038000FFFFFFFFFFFFFFFFFFFFFFFFFFFFFFFF7D
:10039000FFFFFFFFFFFFFFFFFFFFFFFFFFFFFFFF6D
:1003A000FFFFFFFFFFFFFFFFFFFFFFFFFFFFFFFF5D
:1003B000FFFFFFFFFFFFFFFFFFFFFFFFFFFFFFFF4D
:1003C000FFFFFFFFFFFFFFFFFFFFFFFFFFFFFFFF3D
:1003D000FFFFFFFFFFFFFFFFFFFFFFFFFFFFFFFF2D
:1003E000FFFFFFFFFFFFFFFFFFFFFFFFFFFFFFFF1D
:1003F000FFFFFFFFFFFFFFFFFFFFFFFFFFFFFFFF0D
:10040000FFFFFFFFFFFFFFFFFFFFFFFFFFFFFFFFFC
:10041000FFFFFFFFFFFFFFFFFFFFFFFFFFFFFFFFEC
:10042000FFFFFFFFFFFFFFFFFFFFFFFFFFFFFFFFDC
:10043000FFFFFFFFFFFFFFFFFFFFFFFFFFFFFFFFCC
:10044000FFFFFFFFFFFFFFFFFFFFFFFFFFFFFFFFBC
:10045000FFFFFFFFFFFFFFFFFFFFFFFFFFFFFFFFAC
:10046000FFFFFFFFFFFFFFFFFFFFFFFFFFFFFFFF9C
:10047000FFFFFFFFFFFFFFFFFFFFFFFFFFFFFFFF8C
:10048000FFFFFFFFFFFFFFFFFFFFFFFFFFFFFFFF7C
:10049000FFFFFFFFFFFFFFFFFFFFFFFFFFFFFFFF6C
:1004A000FFFFFFFFFFFFFFFFFFFFFFFFFFFFFFFF5C
:1004B000FFFFFFFFFFFFFFFFFFFFFFFFFFFFFFFF4C
:1004C000FFFFFFFFFFFFFFFFFFFFFFFFFFFFFFFF3C
:1004D000FFFFFFFFFFFFFFFFFFFFFFFFFFFFFFFF2C
:1004E000FFFFFFFFFFFFFFFFFFFFFFFFFFFFFFFF1C
:1004F000FFFFFFFFFFFFFFFFFFFFFFFFFFFFFFFF0C
:10050000FFFFFFFFFFFFFFFFFFFFFFFFFFFFFFFFFB
:10051000FFFFFFFFFFFFFFFFFFFFFFFFFFFFFFFFEB
:10052000FFFFFFFFFFFFFFFFFFFFFFFFFFFFFFFFDB
:10053000FFFFFFFFFFFFFFFFFFFFFFFFFFFFFFFFCB
:10054000FFFFFFFFFFFFFFFFFFFFFFFFFFFFFFFFBB
:10055000FFFFFFFFFFFFFFFFFFFFFFFFFFFFFFFFAB
:10056000FFFFFFFFFFFFFFFFFFFFFFFFFFFFFFFF9B
:10057000FFFFFFFFFFFFFFFFFFFFFFFFFFFFFFFF8B
:10058000FFFFFFFFFFFFFFFFFFFFFFFFFFFFFFFF7B
:10059000FFFFFFFFFFFFFFFFFFFFFFFFFFFFFFFF6B
:1005A000FFFFFFFFFFFFFFFFFFFFFFFFFFFFFFFF5B
:1005B000FFFFFFFFFFFFFFFFFFFFFFFFFFFFFFFF4B
:1005C000FFFFFFFFFFFFFFFFFFFFFFFFFFFFFFFF3B
:1005D000FFFFFFFFFFFFFFFFFFFFFFFFFFFFFFFF2B
:1005E000FFFFFFFFFFFFFFFFFFFFFFFFFFFFFFFF1B
:1005F000FFFFFFFFFFFFFFFFFFFFFFFFFFFFFFFF0B
:10060000FFFFFFFFFFFFFFFFFFFFFFFFFFFFFFFFFA
:10061000FFFFFFFFFFFFFFFFFFFFFFFFFFFFFFFFEA
:10062000FFFFFFFFFFFFFFFFFFFFFFFFFFFFFFFFDA
:10063000FFFFFFFFFFFFFFFFFFFFFFFFFFFFFFFFCA
:10064000FFFFFFFFFFFFFFFFFFFFFFFFFFFFFFFFBA
:10065000FFFFFFFFFFFFFFFFFFFFFFFFFFFFFFFFAA
:10066000FFFFFFFFFFFFFFFFFFFFFFFFFFFFFFFF9A
:10067000FFFFFFFFFFFFFFFFFFFFFFFFFFFFFFFF8A
:10068000FFFFFFFFFFFFFFFFFFFFFFFFFFFFFFFF7A
:10069000FFFFFFFFFFFFFFFFFFFFFFFFFFFFFFFF6A
:1006A000FFFFFFFFFFFFFFFFFFFFFFFFFFFFFFFF5A
:1006B000FFFFFFFFFFFFFFFFFFFFFFFFFFFFFFFF4A
:1006C000FFFFFFFFFFFFFFFFFFFFFFFFFFFFFFFF3A
:1006D000FFFFFFFFFFFFFFFFFFFFFFFFFFFFFFFF2A
:1006E000FFFFFFFFFFFFFFFFFFFFFFFFFFFFFFFF1A
:1006F000FFFFFFFFFFFFFFFFFFFFFFFFFFFFFFFF0A
:10070000FFFFFFFFFFFFFFFFFFFFFFFFFFFFFFFFF9
:10071000FFFFFFFFFFFFFFFFFFFFFFFFFFFFFFFFE9
:10072000FFFFFFFFFFFFFFFFFFFFFFFFFFFFFFFFD9
:10073000FFFFFFFFFFFFFFFFFFFFFFFFFFFFFFFFC9
:10074000FFFFFFFFFFFFFFFFFFFFFFFFFFFFFFFFB9
:10075000FFFFFFFFFFFFFFFFFFFFFFFFFFFFFFFFA9
:10076000FFFFFFFFFFFFFFFFFFFFFFFFFFFFFFFF99
:10077000FFFFFFFFFFFFFFFFFFFFFFFFFFFFFFFF89
:10078000FFFFFFFFFFFFFFFFFFFFFFFFFFFFFFFF79
:10079000FFFFFFFFFFFFFFFFFFFFFFFFFFFFFFFF69
:1007A000FFFFFFFFFFFFFFFFFFFFFFFFFFFFFFFF59
:1007B000FFFFFFFFFFFFFFFFFFFFFFFFFFFFFFFF49
:1007C000FFFFFFFFFFFFFFFFFFFFFFFFFFFFFFFF39
:1007D000FFFFFFFFFFFFFFFFFFFFFFFFFFFFFFFF29
:1007E000FFFFFFFFFFFFFFFFFFFFFFFFFFFFFFFF19
:1007F000FFFFFFFFFFFFFFFFFFFFFFFFFFFFFFFF09
:10080000FFFFFFFFFFFFFFFFFFFFFFFFFFFFFFFFF8
:10081000FFFFFFFFFFFFFFFFFFFFFFFFFFFFFFFFE8
:10082000FFFFFFFFFFFFFFFFFFFFFFFFFFFFFFFFD8
:10083000FFFFFFFFFFFFFFFFFFFFFFFFFFFFFFFFC8
:10084000FFFFFFFFFFFFFFFFFFFFFFFFFFFFFFFFB8
:10085000FFFFFFFFFFFFFFFFFFFFFFFFFFFFFFFFA8
:10086000FFFFFFFFFFFFFFFFFFFFFFFFFFFFFFFF98
:10087000FFFFFFFFFFFFFFFFFFFFFFFFFFFFFFFF88
:10088000FFFFFFFFFFFFFFFFFFFFFFFFFFFFFFFF78
:10089000FFFFFFFFFFFFFFFFFFFFFFFFFFFFFFFF68
:1008A000FFFFFFFFFFFFFFFFFFFFFFFFFFFFFFFF58
:1008B000FFFFFFFFFFFFFFFFFFFFFFFFFFFFFFFF48
:1008C000FFFFFFFFFFFFFFFFFFFFFFFFFFFFFFFF38
:1008D000FFFFFFFFFFFFFFFFFFFFFFFFFFFFFFFF28
:1008E000FFFFFFFFFFFFFFFFFFFFFFFFFFFFFFFF18
:1008F000FFFFFFFFFFFFFFFFFFFFFFFFFFFFFFFF08
:10090000FFFFFFFFFFFFFFFFFFFFFFFFFFFFFFFFF7
:10091000FFFFFFFFFFFFFFFFFFFFFFFFFFFFFFFFE7
:10092000FFFFFFFFFFFFFFFFFFFFFFFFFFFFFFFFD7
:10093000FFFFFFFFFFFFFFFFFFFFFFFFFFFFFFFFC7
:10094000FFFFFFFFFFFFFFFFFFFFFFFFFFFFFFFFB7
:10095000FFFFFFFFFFFFFFFFFFFFFFFFFFFFFFFFA7
:10096000FFFFFFFFFFFFFFFFFFFFFFFFFFFFFFFF97
:10097000FFFFFFFFFFFFFFFFFFFFFFFFFFFFFFFF87
:10098000FFFFFFFFFFFFFFFFFFFFFFFFFFFFFFFF77
:10099000FFFFFFFFFFFFFFFFFFFFFFFFFFFFFFFF67
:1009A000FFFFFFFFFFFFFFFFFFFFFFFFFFFFFFFF57
:1009B000FFFFFFFFFFFFFFFFFFFFFFFFFFFFFFFF47
:1009C000FFFFFFFFFFFFFFFFFFFFFFFFFFFFFFFF37
:1009D000FFFFFFFFFFFFFFFFFFFFFFFFFFFFFFFF27
:1009E000FFFFFFFFFFFFFFFFFFFFFFFFFFFFFFFF17
:1009F000FFFFFFFFFFFFFFFFFFFFFFFFFFFFFFFF07
:100A0000FFFFFFFFFFFFFFFFFFFFFFFFFFFFFFFFF6
:100A1000FFFFFFFFFFFFFFFFFFFFFFFFFFFFFFFFE6
:100A2000FFFFFFFFFFFFFFFFFFFFFFFFFFFFFFFFD6
:100A3000FFFFFFFFFFFFFFFFFFFFFFFFFFFFFFFFC6
:100A4000FFFFFFFFFFFFFFFFFFFFFFFFFFFFFFFFB6
:100A5000FFFFFFFFFFFFFFFFFFFFFFFFFFFFFFFFA6
:100A6000FFFFFFFFFFFFFFFFFFFFFFFFFFFFFFFF96
:100A7000FFFFFFFFFFFFFFFFFFFFFFFFFFFFFFFF86
:100A8000FFFFFFFFFFFFFFFFFFFFFFFFFFFFFFFF76
:100A9000FFFFFFFFFFFFFFFFFFFFFFFFFFFFFFFF66
:100AA000FFFFFFFFFFFFFFFFFFFFFFFFFFFFFFFF56
:100AB000FFFFFFFFFFFFFFFFFFFFFFFFFFFFFFFF46
:100AC000FFFFFFFFFFFFFFFFFFFFFFFFFFFFFFFF36
:100AD000FFFFFFFFFFFFFFFFFFFFFFFFFFFFFFFF26
:100AE000FFFFFFFFFFFFFFFFFFFFFFFFFFFFFFFF16
:100AF000FFFFFFFFFFFFFFFFFFFFFFFFFFFFFFFF06
:100B0000FFFFFFFFFFFFFFFFFFFFFFFFFFFFFFFFF5
:100B1000FFFFFFFFFFFFFFFFFFFFFFFFFFFFFFFFE5
:100B2000FFFFFFFFFFFFFFFFFFFFFFFFFFFFFFFFD5
:100B3000FFFFFFFFFFFFFFFFFFFFFFFFFFFFFFFFC5
:100B4000FFFFFFFFFFFFFFFFFFFFFFFFFFFFFFFFB5
:100B5000FFFFFFFFFFFFFFFFFFFFFFFFFFFFFFFFA5
:100B6000FFFFFFFFFFFFFFFFFFFFFFFFFFFFFFFF95
:100B7000FFFFFFFFFFFFFFFFFFFFFFFFFFFFFFFF85
:100B8000FFFFFFFFFFFFFFFFFFFFFFFFFFFFFFFF75
:100B9000FFFFFFFFFFFFFFFFFFFFFFFFFFFFFFFF65
:100BA000FFFFFFFFFFFFFFFFFFFFFFFFFFFFFFFF55
:100BB000FFFFFFFFFFFFFFFFFFFFFFFFFFFFFFFF45
:100BC000FFFFFFFFFFFFFFFFFFFFFFFFFFFFFFFF35
:100BD000FFFFFFFFFFFFFFFFFFFFFFFFFFFFFFFF25
:100BE000FFFFFFFFFFFFFFFFFFFFFFFFFFFFFFFF15
:100BF000FFFFFFFFFFFFFFFFFFFFFFFFFFFFFFFF05
:100C0000FFFFFFFFFFFFFFFFFFFFFFFFFFFFFFFFF4
:100C1000FFFFFFFFFFFFFFFFFFFFFFFFFFFFFFFFE4
:100C2000FFFFFFFFFFFFFFFFFFFFFFFFFFFFFFFFD4
:100C3000FFFFFFFFFFFFFFFFFFFFFFFFFFFFFFFFC4
:100C4000FFFFFFFFFFFFFFFFFFFFFFFFFFFFFFFFB4
:100C5000FFFFFFFFFFFFFFFFFFFFFFFFFFFFFFFFA4
:100C6000FFFFFFFFFFFFFFFFFFFFFFFFFFFFFFFF94
:100C7000FFFFFFFFFFFFFFFFFFFFFFFFFFFFFFFF84
:100C8000FFFFFFFFFFFFFFFFFFFFFFFFFFFFFFFF74
:100C9000FFFFFFFFFFFFFFFFFFFFFFFFFFFFFFFF64
:100CA000FFFFFFFFFFFFFFFFFFFFFFFFFFFFFFFF54
:100CB000FFFFFFFFFFFFFFFFFFFFFFFFFFFFFFFF44
:100CC000FFFFFFFFFFFFFFFFFFFFFFFFFFFFFFFF34
:100CD000FFFFFFFFFFFFFFFFFFFFFFFFFFFFFFFF24
:100CE000FFFFFFFFFFFFFFFFFFFFFFFFFFFFFFFF14
:100CF000FFFFFFFFFFFFFFFFFFFFFFFFFFFFFFFF04
:100D0000FFFFFFFFFFFFFFFFFFFFFFFFFFFFFFFFF3
:100D1000FFFFFFFFFFFFFFFFFFFFFFFFFFFFFFFFE3
:100D2000FFFFFFFFFFFFFFFFFFFFFFFFFFFFFFFFD3
:100D3000FFFFFFFFFFFFFFFFFFFFFFFFFFFFFFFFC3
:100D4000FFFFFFFFFFFFFFFFFFFFFFFFFFFFFFFFB3
:100D5000FFFFFFFFFFFFFFFFFFFFFFFFFFFFFFFFA3
:100D6000FFFFFFFFFFFFFFFFFFFFFFFFFFFFFFFF93
:100D7000FFFFFFFFFFFFFFFFFFFFFFFFFFFFFFFF83
:100D8000FFFFFFFFFFFFFFFFFFFFFFFFFFFFFFFF73
:100D9000FFFFFFFFFFFFFFFFFFFFFFFFFFFFFFFF63
:100DA000FFFFFFFFFFFFFFFFFFFFFFFFFFFFFFFF53
:100DB000FFFFFFFFFFFFFFFFFFFFFFFFFFFFFFFF43
:100DC000FFFFFFFFFFFFFFFFFFFFFFFFFFFFFFFF33
:100DD000FFFFFFFFFFFFFFFFFFFFFFFFFFFFFFFF23
:100DE000FFFFFFFFFFFFFFFFFFFFFFFFFFFFFFFF13
:100DF000FFFFFFFFFFFFFFFFFFFFFFFFFFFFFFFF03
:100E0000FFFFFFFFFFFFFFFFFFFFFFFFFFFFFFFFF2
:100E1000FFFFFFFFFFFFFFFFFFFFFFFFFFFFFFFFE2
:100E2000FFFFFFFFFFFFFFFFFFFFFFFFFFFFFFFFD2
:100E3000FFFFFFFFFFFFFFFFFFFFFFFFFFFFFFFFC2
:100E4000FFFFFFFFFFFFFFFFFFFFFFFFFFFFFFFFB2
:100E5000FFFFFFFFFFFFFFFFFFFFFFFFFFFFFFFFA2
:100E6000FFFFFFFFFFFFFFFFFFFFFFFFFFFFFFFF92
:100E7000FFFFFFFFFFFFFFFFFFFFFFFFFFFFFFFF82
:100E8000FFFFFFFFFFFFFFFFFFFFFFFFFFFFFFFF72
:100E9000FFFFFFFFFFFFFFFFFFFFFFFFFFFFFFFF62
:100EA000FFFFFFFFFFFFFFFFFFFFFFFFFFFFFFFF52
:100EB000FFFFFFFFFFFFFFFFFFFFFFFFFFFFFFFF42
:100EC000FFFFFFFFFFFFFFFFFFFFFFFFFFFFFFFF32
:100ED000FFFFFFFFFFFFFFFFFFFFFFFFFFFFFFFF22
:100EE000FFFFFFFFFFFFFFFFFFFFFFFFFFFFFFFF12
:100EF000FFFFFFFFFFFFFFFFFFFFFFFFFFFFFFFF02
:100F0000FFFFFFFFFFFFFFFFFFFFFFFFFFFFFFFFF1
:100F1000FFFFFFFFFFFFFFFFFFFFFFFFFFFFFFFFE1
:100F2000FFFFFFFFFFFFFFFFFFFFFFFFFFFFFFFFD1
:100F3000FFFFFFFFFFFFFFFFFFFFFFFFFFFFFFFFC1
:100F4000FFFFFFFFFFFFFFFFFFFFFFFFFFFFFFFFB1
:100F5000FFFFFFFFFFFFFFFFFFFFFFFFFFFFFFFFA1
:100F6000FFFFFFFFFFFFFFFFFFFFFFFFFFFFFFFF91
:100F7000FFFFFFFFFFFFFFFFFFFFFFFFFFFFFFFF81
:100F8000FFFFFFFFFFFFFFFFFFFFFFFFFFFFFFFF71
:100F9000FFFFFFFFFFFFFFFFFFFFFFFFFFFFFFFF61
:100FA000FFFFFFFFFFFFFFFFFFFFFFFFFFFFFFFF51
:100FB000FFFFFFFFFFFFFFFFFFFFFFFFFFFFFFFF41
:100FC000FFFFFFFFFFFFFFFFFFFFFFFFFFFFFFFF31
:100FD000FFFFFFFFFFFFFFFFFFFFFFFFFFFFFFFF21
:100FE000FFFFFFFFFFFFFFFFFFFFFFFFFFFFFFFF11
:100FF000FFFFFFFFFFFFFFFFFFFFFFFFFFFFFFFF01
:10100000D10020434D1600600000000000000000E9
:10101000201000600010006000A4006000000000CC
:101020000000006000B0000000000000FFFFFFFFB4
:10103000FFFFFFFFFFFFFFFFFFFFFFFFFFFFFFFFC0
:10104000FFFFFFFFFFFFFFFFFFFFFFFFFFFFFFFFB0
:10105000FFFFFFFFFFFFFFFFFFFFFFFFFFFFFFFFA0
:10106000FFFFFFFFFFFFFFFFFFFFFFFFFFFFFFFF90
:10107000FFFFFFFFFFFFFFFFFFFFFFFFFFFFFFFF80
:10108000FFFFFFFFFFFFFFFFFFFFFFFFFFFFFFFF70
:10109000FFFFFFFFFFFFFFFFFFFFFFFFFFFFFFFF60
:1010A000FFFFFFFFFFFFFFFFFFFFFFFFFFFFFFFF50
:1010B000FFFFFFFFFFFFFFFFFFFFFFFFFFFFFFFF40
:1010C000FFFFFFFFFFFFFFFFFFFFFFFFFFFFFFFF30
:1010D000FFFFFFFFFFFFFFFFFFFFFFFFFFFFFFFF20
:1010E000FFFFFFFFFFFFFFFFFFFFFFFFFFFFFFFF10
:1010F000FFFFFFFFFFFFFFFFFFFFFFFFFFFFFFFF00
:10110000FFFFFFFFFFFFFFFFFFFFFFFFFFFFFFFFEF
:10111000FFFFFFFFFFFFFFFFFFFFFFFFFFFFFFFFDF
:10112000FFFFFFFFFFFFFFFFFFFFFFFFFFFFFFFFCF
:10113000FFFFFFFFFFFFFFFFFFFFFFFFFFFFFFFFBF
:10114000FFFFFFFFFFFFFFFFFFFFFFFFFFFFFFFFAF
:10115000FFFFFFFFFFFFFFFFFFFFFFFFFFFFFFFF9F
:10116000FFFFFFFFFFFFFFFFFFFFFFFFFFFFFFFF8F
:10117000FFFFFFFFFFFFFFFFFFFFFFFFFFFFFFFF7F
:10118000FFFFFFFFFFFFFFFFFFFFFFFFFFFFFFFF6F
:10119000FFFFFFFFFFFFFFFFFFFFFFFFFFFFFFFF5F
:1011A000FFFFFFFFFFFFFFFFFFFFFFFFFFFFFFFF4F
:1011B000FFFFFFFFFFFFFFFFFFFFFFFFFFFFFFFF3F
:1011C000FFFFFFFFFFFFFFFFFFFFFFFFFFFFFFFF2F
:1011D000FFFFFFFFFFFFFFFFFFFFFFFFFFFFFFFF1F
:1011E000FFFFFFFFFFFFFFFFFFFFFFFFFFFFFFFF0F
:1011F000FFFFFFFFFFFFFFFFFFFFFFFFFFFFFFFFFF
:10120000FFFFFFFFFFFFFFFFFFFFFFFFFFFFFFFFEE
:10121000FFFFFFFFFFFFFFFFFFFFFFFFFFFFFFFFDE
:10122000FFFFFFFFFFFFFFFFFFFFFFFFFFFFFFFFCE
:10123000FFFFFFFFFFFFFFFFFFFFFFFFFFFFFFFFBE
:10124000FFFFFFFFFFFFFFFFFFFFFFFFFFFFFFFFAE
:10125000FFFFFFFFFFFFFFFFFFFFFFFFFFFFFFFF9E
:10126000FFFFFFFFFFFFFFFFFFFFFFFFFFFFFFFF8E
:10127000FFFFFFFFFFFFFFFFFFFFFFFFFFFFFFFF7E
:10128000FFFFFFFFFFFFFFFFFFFFFFFFFFFFFFFF6E
:10129000FFFFFFFFFFFFFFFFFFFFFFFFFFFFFFFF5E
:1012A000FFFFFFFFFFFFFFFFFFFFFFFFFFFFFFFF4E
:1012B000FFFFFFFFFFFFFFFFFFFFFFFFFFFFFFFF3E
:1012C000FFFFFFFFFFFFFFFFFFFFFFFFFFFFFFFF2E
:1012D000FFFFFFFFFFFFFFFFFFFFFFFFFFFFFFFF1E
:1012E000FFFFFFFFFFFFFFFFFFFFFFFFFFFFFFFF0E
:1012F000FFFFFFFFFFFFFFFFFFFFFFFFFFFFFFFFFE
:10130000FFFFFFFFFFFFFFFFFFFFFFFFFFFFFFFFED
:10131000FFFFFFFFFFFFFFFFFFFFFFFFFFFFFFFFDD
:10132000FFFFFFFFFFFFFFFFFFFFFFFFFFFFFFFFCD
:10133000FFFFFFFFFFFFFFFFFFFFFFFFFFFFFFFFBD
:10134000FFFFFFFFFFFFFFFFFFFFFFFFFFFFFFFFAD
:10135000FFFFFFFFFFFFFFFFFFFFFFFFFFFFFFFF9D
:10136000FFFFFFFFFFFFFFFFFFFFFFFFFFFFFFFF8D
:10137000FFFFFFFFFFFFFFFFFFFFFFFFFFFFFFFF7D
:10138000FFFFFFFFFFFFFFFFFFFFFFFFFFFFFFFF6D
:10139000FFFFFFFFFFFFFFFFFFFFFFFFFFFFFFFF5D
:1013A000FFFFFFFFFFFFFFFFFFFFFFFFFFFFFFFF4D
:1013B000FFFFFFFFFFFFFFFFFFFFFFFFFFFFFFFF3D
:1013C000FFFFFFFFFFFFFFFFFFFFFFFFFFFFFFFF2D
:1013D000FFFFFFFFFFFFFFFFFFFFFFFFFFFFFFFF1D
:1013E000FFFFFFFFFFFFFFFFFFFFFFFFFFFFFFFF0D
:1013F000FFFFFFFFFFFFFFFFFFFFFFFFFFFFFFFFFD
:10140000814205D051F8043B40F8043B8242F9D8B0
:10141000704700BF044A05494FF0000342F8043BFF
:101420009142FBD8704700BFC01A002080230020E3
:101430002DE98848BFF34F8F00BF00BF00BF00BF3A
:1014400000F0D6F9684B0822C3F8542100BF00BF52
:1014500000BF00BF00BF00BF00BF00BF00BF00BF94
:1014600000BF00BF00BF00BF00BF00BF5F4A6049B0
:101470006048FFF7C5FF604A60496148FFF7C0FF59
:10148000604CFFF7C7FF4FF470004FF0E0210023DE
:101490005D4AC1F8880D44F823200133B02BFAD1FE
:1014A0005A4B80215A4A03F8011B9342FBD14FF05B
:1014B000E0254D4E4FF08039DFF884B1DFF884A18C
:1014C0004FF0FF31C5F8084D0027C6F80491C6F863
:1014D00000B1C6F8F490C6F8F0A0D5F8243DDFF8C6
:1014E000688143F4E0234B4AC5F8243DD8F81C300A
:1014F00023F07F0343F04003C8F81C30D8F82430B1
:1015000023F07F0343F04003C8F824309166D1668E
:101510001167516700F074F93F4B4049A363404B9A
:10152000E36363236B610323AF612B613D4BC5F81C
:10153000203DD5F8FC3D43F08073C5F8FC3D3A4BA7
:101540001A6842F001021A605B680B6000F0A2FBAF
:10155000C6F804913548C6F800B1C6F8F490C6F84C
:10156000F0A000F041FDD8F86C10314B314A41F445
:101570004051C8F86C101F60C3F80871C3F81871A7
:10158000C3F82871C3F83871936BDB0708D442F6AF
:101590001563294951651365936B43F00103936308
:1015A000244A264C936843F00113936000F0B0F98D
:1015B00000F0D4FC00F014FD00F09AFB00F01AF9E2
:1015C0002368132BFCD900F02BFC2368B3F5967F1E
:1015D000FBD300F013F900F00FF900F0F9FC00F074
:1015E00007FD30BFFDE700BF00800D40086600002A
:1015F0000822006000000000C01A0020148800606B
:101600000000002000180020254C000000E400E04D
:10161000A0E400E000C00A40F15F0000FC220020CE
:10162000F55F000000002020001000E00046C3230A
:101630000040084000400D400000C056002300203C
:101640001B1018200C0D111300C00F40054B4FF458
:101650002A01054A05485A641864054A9963954663
:10166000FFF7E6FE00C00A40ABAAAAAA07002000C6
:101670000080072043690A4A03EB011010B4037A83
:10168000084C02EB0313D3E901321460C2681A60FC
:1016900003690BB142691A605DF8044B704700BFE3
:1016A0009C07002061F801004369027E03EB0212EF
:1016B00092F808C08C451CD01A7AFF2A19D09142A2
:1016C00010B5044616D01A7EFF2A06D00121D3E9B0
:1016D000002312681A4201D1217610BD064B052263
:1016E000204603EB0C135B681A60FFF7C3FF2176FB
:1016F000F3E770470021EAE79C07002043690A4AA4
:1017000003EB011010B490F82830084C02EB0313DF
:10171000D3E901321460C26A1A60036B0BB1426BE9
:101720001A605DF8044B70479C07002061F80100C7
:101730004369427E03EB021292F828C08C451ED00A
:1017400093F82820FF2A1AD0914210B5044617D0EA
:1017500093F83820FF2A06D00121D3E9002312682C
:101760001A4201D1617610BD064B0522204603EBDB
:101770000C135B681A60FFF7C1FF6176F3E77047EF
:101780000021EAE79C070020164942698B6B23F48D
:101790007C0343F4802370B58B630446124DD2E979
:1017A00000130A681A4303690A60022200211A61C1
:1017B0000E4A19619A6401225A629D624FF43035D3
:1017C000DD624FF001159E6C1E6519629D651A6100
:1017D000017EFFF74FFF617E2046BDE87040FFF7B6
:1017E0008DBF00BF00C00F40B80B05053B3728195F
:1017F000704700BF704700BF704700BF00BF704711
:1018000010B44FF0E023002110243148C3F8941D98
:10181000C3F89C4D1124C3F8A00D2E48C3F89C4D6D
:101820001224C3F8A00D2C48C3F89C4D2B4AC3F8D2
:10183000A00D2B4C42F015022A48C3F89C4DC3F86A
:10184000A00D294C2948C3F89C4DC3F8A00D284C85
:10185000C3F89C2D2748284AC3F8A04DC3F89C0D17
:10186000C3F8A02D02F5A022244C0C322448C3F862
:101870009C4DC3F8A02D234AC3F89C0D224CC3F8FD
:10188000A02D02F14062C3F89C4D2048C3F8A02D62
:101890000C32C3F89C0DC3F8A02D00BF00BF00BFE1
:1018A00000BF00BF0122C3F8942DBFF34F8FBFF3D9
:1018B0006F8FC3F8501FBFF34F8FBFF36F8FD3F8F5
:1018C000142D5DF8044B42F44032C3F8142D7047D8
:1018D0003F000010250008070900100080230020A9
:1018E0001300200021000207140000202500081327
:1018F000090000101600202027000B1317000040DD
:10190000180000602F000B07190000701A000080FB
:10191000F0B5B84B1822B84E0120B84F83B0C3F8C9
:101920005C62B749C3F86072B64DC3F86462A6F54D
:101930003046B54CC3F86862C3F86C52C3F87052B5
:10194000C3F87452C3F8785248F20C75DA661A6715
:101950005A679A67DA67C3F88020C3F88420C3F80F
:101960008820C1F82C03A94AC1F83003C1F8340318
:10197000C1F83803C1F83C03C1F85003A169A44B76
:101980000A40A448A4491343A44AA361D4F884306C
:1019900043F00C03C4F884304FF0FF34036843F085
:1019A0000203036003682B404FF400551A439C4B1D
:1019B000026044608A689B4C13409B4A43F000538A
:1019C0008360C36823F07803C360036A1340234332
:1019D0000362036A1340954A2343954C4362826233
:1019E000C2620022D1F8B83023F03F0343F0010374
:1019F000C0F8B830D1F8BC308E4923F03F0343F033
:101A00000103C0F8BC3040F205630261056604675B
:101A1000C0F88030456644670224C0F8843003680B
:101A200023F0020303608161834B8449C46143F85E
:101A3000042B8B42FBD1774A136843F001031360F8
:101A4000136813F00103FBD17A48022140F2F564D8
:101A5000906140F29940D16140F26641C2F8004283
:101A600042F20144C2F810127549C2F82002C2F8CD
:101A7000301240F235417348C2F83442C2F8401285
:101A8000714CC2F8500242F201207049C2F854125F
:101A90000121C2F86042C2F864025E48C2F8A03078
:101AA000C2F8A430C2F8B0104369DA07FCD50123AC
:101AB00000244FF4803257494361C0F8A040C0F879
:101AC000A420C0F8B0304B69DB07FCD5012300240B
:101AD0004FF400304F4A4B61C1F8A040C1F8A40058
:101AE000C1F8B0305369DF07FCD501230024584802
:101AF00048495361C2F8A040C2F8A400C2F8B0300F
:101B00004B69DE07FCD5D1F8003145F60D52212096
:101B10009BB24861934265D100244FF48022012397
:101B20003C48C1F8A040C1F8A420C1F8B0304369D6
:101B3000DD07FCD501234FF400040021354A436141
:101B4000C0F8A040C0F8A410C0F8B0305369DC075A
:101B5000FCD501234FF400044FF480302D4953612C
:101B6000C2F8A040C2F8A400C2F8B0304B69D80750
:101B7000FCD501234FF400044FF40030254A4B619B
:101B8000C1F8A040C1F8A400C1F8B0305369D9072A
:101B9000FCD501234FF400042D481E495361C2F8BF
:101BA000A040C2F8A400C2F8B0304B69DA07FCD5F7
:101BB000D1F8003145F60D5221209BB24861934285
:101BC00050D008254FF4000422490020224B234A1C
:101BD000009015705A1A01232148224400F0F4F9AC
:101BE00003B0F0BD1E4B0022C3E90022C3E902226C
:101BF00003B0F0BD00801F40F9B00100F9100100F2
:101C000000841F40F970010000C00F40FFFCFF1F5F
:101C1000000300A000402A4000802A401200FFFF7D
:101C2000FF37F7004000008000FFF07CFF000F83CB
:101C300063000200F05AF05A00422A4000432A4052
:101C40009F041830EB06180A3806180A06320126D7
:101C50000400030000000070000000703723002023
:101C6000702000204FF400044FF480220123084824
:101C7000C1F8A040C1F8A420C1F8B0304369DB0727
:101C8000FCD5012310254FF0807443619CE700BF11
:101C900000402A40F0B4154A40274FF480314FF4F9
:101CA00080564FF400554FF4404443F2420013690C
:101CB00013F0020F0ED113F4005F0FD013F4805F06
:101CC0000ED0002BF3DA13F4803F0BD15B060BD55B
:101CD000F0BC7047946151619061E8E75561E6E7B7
:101CE0005661E4E79161E2E75761E0E700800D406B
:101CF0003F4A03203F49F3EE095AD2F880304FF0B3
:101D0000000C9FED3D6A23F001039FED3C5A30B477
:101D1000C2F88030C2F89000D1F8E010384DCBB254
:101D2000384C39482B6007EE903A0B0DC1F30B216C
:101D3000F8EEE77A06EE903A07EE101A334BB8EE5B
:101D4000C77A2160F8EEE66A314937EEC66A37EEA7
:101D5000C55A76EEC76A77EEE57A26EE266AC3EDB7
:101D6000006A25EE265AD2F8803067EEA64AC0ED0A
:101D7000007AC6EE275A274885EE276AC4EEA76A7E
:101D800075EE875AFCEEE55A36EE076A15EE904A74
:101D9000BCEEC66A43EA045376EE877AC2F8803016
:101DA00016EE103AD2F89041FCEEE77A01EA0341D0
:101DB000214317EE903AC2F89011C3F30B03D2F807
:101DC00090110B431449C2F89031D2F8803043F09F
:101DD0000203C2F88030114B80F840C0C1F8403196
:101DE0004FF0E023012230BCC3F80821704700BF48
:101DF00000810D4000441F400000AA420000B44290
:101E0000EC220020E8220020F0220020F422002012
:101E10000000FF0F00E400E000180020B14D0000BA
:101E2000314B40F6617210B5C3F8202140F20444F2
:101E300000F0D2F82D4A2E49D2F880302D4843F0D8
:101E40000303C2F880302C4BC1F8604102681A428B
:101E500003D1D1F8A8319A071BD0254A4FF0004191
:101E6000244B5963D2F8403143F00203C2F84031A9
:101E7000D2F840319B07FBD44FF400304FF0E02103
:101E80001C4B4FF00042C1F88C0219209A6300F0FD
:101E9000B3F8184A4FF08040154C002190630A2097
:101EA000164B11604FF42072C4F8A801184600F0D8
:101EB00087F84FF4800203464FF4810040F243114B
:101EC0001860C4F858311A640D4B0E4AC4F8481112
:101ED000C3F804224FF0E0224FF400310123C2F88E
:101EE0000C11C4F8403110BD00800D4000C00F40FF
:101EF00000002E4000900D40001C1E00000000203D
:101F000000180020994F000008B50E4B1B6E9B0770
:101F100000D4FBBE72B60C4B00200C4AC3F8400143
:101F200003F160430A49A3F55F2311649D46BFF3A3
:101F30004F8F4FF400130748074ADB6902609B6824
:101F4000984700BF00441F4000002E4000C00A40D8
:101F50000300200000802020000012EB104BA02086
:101F6000104AD96E41F4403110B4D96640F237645A
:101F7000D96E41F44071D96654649064936C1B0629
:101F8000FCD4094A40F23761A02351649364936CF6
:101F900013F08003FBD1054A13705DF8044B7047C2
:101FA00000C00F4000400C4000800C403523002052
:101FB000F8B500BFF8BC08BC9E46704700000000A2
:101FC0005FF800F0916200005FF800F0F56100003A
:101FD0005FF800F0416300005FF800F0095700006F
:101FE0005FF800F0916000005FF800F0C544000069
:101FF0005FF800F07D4A00005FF800F0B547000090
:102000000501000081030000954100004D420000E1
:1020100080C00F4000000003190000001000000005
:10202000E8841F4001000000FF000000FF000000E6
:102030000000000000000000180000001000000078
:10204000E4841F4001000000FF000000FF000000CA
:1020500000000000000000001F0000008D0C0000C8
:1020600070C00F40000C00001100000011000000C3
:10207000E0841F40020000002C000000120000005D
:10208000E0841F400100000010000000110000006B
:10209000DC841F40020000002D0000001200000040
:1020A000DC841F40010000001E000000810C0000C5
:1020B00070C00F40C00000001200000013000000BC
:1020C000D0841F4001000000FF000000FF0000005E
:1020D00000000000000000001300000013000000DA
:1020E000CC841F4001000000FF000000FF00000042
:1020F00000000000000000001C000000750C000043
:102100001603550053004200200053006500720082
:10211000690061006C000000180354006500650050
:102120006E00730079006400750069006E006F0036
:102130000403090409026200030100C032080B0015
:10214000020202010009040000010202010005244C
:1021500000100105240101010424020605240600E3
:10216000010705820310001009040100020A0000A3
:102170000007050302400000070584024000000933
:1021800004020002FF6AFF00070581024000010708
:10219000050102400001000009026200030100C0C5
:1021A00032080B00020202010009040000010202D1
:1021B0000100052400100105240101010424020688
:1021C000052406000107058203100005090401002B
:1021D000020A00000007050302000200070584024E
:1021E0000002000904020002FF6AC700070581021D
:1021F0000002010705010200020100000A060002B8
:08220000EF02014001000000A3
:1022080000000000000000000000000000000000C6
:1022180000000000000000000000000000000000B6
:10222800F8B54FF084439D695A6915400DD0254F84
:1022380001269D6195FAA5F4B4FA84F457F8243080
:1022480006FA04F49847A543F4D11F4B9D695A69CF
:1022580015400DD01D4F01269D6195FAA5F4B4FADD
:1022680084F457F8243006FA04F49847A543F4D1C7
:10227800174B9D695A6915400DD0164F01269D616F
:1022880095FAA5F4B4FA84F457F8243006FA04F45D
:102298009847A543F4D1104B9D695A6915400DD054
:1022A8000E4F01269D6195FAA5F4B4FA84F457F807
:1022B800243006FA04F49847A543F4D1BFF34F8FAE
:1022C800F8BD00BFB41300200040004234140020C1
:1022D80000800042B414002000C0004234150020E1
:1022E8000548064B1B1AD90F01EBA301491002D070
:1022F800034B03B118477047C01A0020C01A0020CA
:102308000000000008B5054B1BB105490548AFF3AF
:102318000080BDE80840FFF7E3BF00BF00000000F1
:102328009822002000B0006008B504F097FB1D4B10
:1023380040F6B73219681860401A904203D91A4B10
:1023480000221A7008BD184A1378072B08D8DFE84E
:1023580003F024201C181410040C80B2134B1880AE
:1023680013780133DBB2137008BD80B2104B1880AC
:10237800F6E780B20F4B1880F2E780B20E4B188058
:10238800EEE780B20D4B1880EAE780B20C4B18805C
:10239800E6E780B20B4B1880E2E780B20A4B188060
:1023A800DEE700BF2C1D0020362300202823002054
:1023B8002A23002026230020242300202223002073
:1023C800202300201E2300201C2300202DE9F84F85
:1023D8002E4D04F043FB2E4F82462E4C05F110097A
:1023E800DFF8B480064635F8023F1E44A6F5967B12
:1023F80004F034FB5845FBD30021032004F058FBBC
:1024080061683A684FF49673A8FB0202920C03FBCA
:1024180002F263685B1A9A42FBD80121032004F098
:1024280047FB4D45DFD104F019FB44F62063AAEBC6
:1024380000000344B3F5967F0FD9174944F6F442D8
:1024480064683B680244A1FB031312499B0C03FB1D
:1024580002F24B681B1B9A42FBD80021032004F0B0
:1024680027FB0C490C4B4FF4967448683A68A3FB59
:102478000232920C04FB02F24B681B1A9A42FBD8F8
:1024880001210320BDE8F84F04F012BB4A200020C8
:10249800F00D0020001000E083DE1B432DE9F04121
:1024A8000F4606460F21144805F096FD134804F020
:1024B80033F8002F1DDD0024DFF848800F4D082178
:1024C800404605F089FD21462846013404F018F8F5
:1024D80002210B4805F080FDB6EC010A02212846CE
:1024E800B7EEC00A04F03CF8284604F015F8A742F5
:1024F800E5D1BDE8F08100BF9C040020AC0F0020AE
:102508004C060020AC04002038B50C46002103F02E
:1025180033FF80B934B1204606F0B2F801462046B0
:1025280005F05AFD0E21124805F056FD1148BDE888
:10253800384003F0F1BF054634B1204606F0A0F854
:102548000146204605F048FD02210B4805F044FDF0
:10255800002329460A22074803F0ECFF0321074815
:1025680005F03AFD0348BDE8384003F0D5BF00BF89
:10257800B8040020AC0F00204C060020C80400203E
:10258800264B2749274A284870B51D88274B0988B4
:102598001288274C9A80274A24885980128826490D
:1025A800DC801A810C88254A254912881D800988F3
:1025B800244D5C81D5F800C09A81D981224A234CE8
:1025C8002349C2F800C00968D4F800C0214BC2F8FA
:1025D80004C04FF0000C1B6891600146D360C8230B
:1025E80001F804CB0B22C0F868110A211A4803F03D
:1025F8000BFEC8230D220C21184803F005FEC82342
:102608000F220E21164803F0FFFDC82311221021C6
:102618001448BDE8704003F0F7BD00BF1C2300203C
:102628001E23002020230020C82000204C2000204A
:1026380022230020242300202623002028230020F2
:102648002A230020C40F0020EC1C0020BC0F00200F
:10265800C80F0020C00F002080200020A4200020E8
:1026680004200020282000202DE9F04F2DED028BBA
:1026780089B072B6384F4FF0040B384D3C689FED67
:10268800388ADFF828A1DFF8DC90DFF824810126FA
:10269800E4B2E023284606FA04F185F8306185F8AB
:1026A800A530C9B285F82F6100F086F93146284671
:1026B8003C6000F059FA002201A9404600F030FEC3
:1026C8009DF81C30042B44D0BDF80C3007EE903A2E
:1026D800F8EE677A3C68BBF1010BCAED007A09EBAA
:1026E8008402C2ED007AD2D104211E48FFF7D6FE3B
:1026F8001D491E48FFF708FF1D491E48FFF704FF44
:102708001D491E48FFF700FF1D491E48FFF7FCFE44
:102718001D4B1E491E4A1D881E4B098812881E4CD7
:102728009A801E481E4A24880088128859805A8137
:102738001C491D4A098812881D80DC8018819981EE
:10274800DA81FFF743FE62B609B0BDEC028BBDE843
:10275800F08FF0EE487ABDE700200020CC0F002073
:102768000000C843EC1C00200C0B00208020002037
:10277800180B0020A4200020240B00200420002097
:10278800300B0020282000201C2300201E230020BE
:10279800202300204C200020222300202423002076
:1027A80026230020282300202A230020E81C0020BC
:1027B800C82000202DE9F04F3A4C012583B020466F
:1027C80006F012F8E0232946204684F8A53084F85C
:1027D800305184F82F5100F0C7F900284FD1152146
:1027E8003148324E05F0F8FB314803F095FE314F81
:1027F800DFF8D4A0DFF8D490DFF8B480356011E0BA
:102808003B68316801333B6003F07AFE1F212A4898
:1028180005F0E2FB404603F07FFE33680133042BEA
:10282800336034DC012597F800B0E023204605FA30
:102838000BF184F8305184F8A530C9B284F82F51CF
:1028480000F0BAF829462046CAF800B000F08CF922
:102858000022234629214846009200F0CBFB03467C
:102868004046002BCCD11E21144805F0B5FB316839
:102878000F4803F045FE0E4803F04EFEFEE73821F0
:102888000F4805F0A9FB0A4803F046FEFEE72E2193
:102898000C4805F0A1FB064803B0BDE8F04F03F073
:1028A8003BBE00BFCC0F0020CC0400209C130020AE
:1028B800AC0F00205C20002004050020E404002068
:1028C800540500202405002000200020C8200020F6
:1028D8002DE9F8431E4D40F2EE281E4C1E4FDFF83E
:1028E80088902E6805F0F6FB237823B33B78DB0746
:1028F80021D52B68D9F800209B1A0E2B1BD9102143
:10290800164805F069FB164803F006FE0021022070
:1029180004F0F8F802221349104604F02DF90121B9
:10292800032004F0EFF80121032004F0C1F8BDE80A
:10293800F843FFF73FBF2B6822789B1B2AB1B3F5FA
:10294800FA6FDCD805F0C6FBCCE74345FAD9D6E7E1
:10295800002300203F2300203E2300203C0B0020C2
:10296800AC0F002029010000102300200020704730
:1029780090F8A32090F8A200101A704790F8A2309F
:1029880090F8A3209A4205D95A1C034480F8A22043
:10299800987E70474FF0FF30704700BF90F8A23024
:1029A80090F8A3209A4202D91844807E70474FF0CD
:1029B800FF307047704700BF0346B0F8300178B168
:1029C80093F82F21882A03D9012200205A607047E2
:1029D80002F1010C01201A4483F82FC182F8A510D6
:1029E800704700BF38B5B0F830410CB9204638BD43
:1029F80090F82F310546C3F18904A2420DD8144638
:102A080005F1A5002246184404F040F995F82F3145
:102A18002046234485F82F3138BD01224260EFE774
:102A28002DE9F04FD0F814A01524017E8146437E8D
:102A380083B00AEB0111384A0AEB0313374F097ABE
:102A480093F8283002EB01150901E86852F8018073
:102A580002EB0311D5F804B01B01CE68D558CBF8AA
:102A68000040C8F88400D8F804304A6803432C4969
:102A78000192C8F804301460C5F884606B68334369
:102A88006B60284B4C683A68A3FB0232920C02EB4D
:102A9800820252004B681B1B9A42FBD84FF0090C6C
:102AA8001F4ADFF880E0D8F80830034202D0AB684C
:102AB80033422FD1C5F8886054683968AEFB0131BC
:102AC800890C01EB810153681B1B9942FBD8C5F89F
:102AD800846054683968AEFB0131890C01EB8101CF
:102AE80053681B1B9942FBD8BCF1010CDBD1604633
:102AF80099F81830019A0AEB0313DB68CBF8003019
:102B080099F819300AEB031ADAF82C30136003B07D
:102B1800BDE8F08F0120EBE79C070020F00D0020B6
:102B2800001000E083DE1B430E4A10B511680469EB
:102B380005E0DB0107D413685B1A102B08D863691A
:102B480013F0007FF5D14FF4FE430120636110BDFF
:102B5800FFF766FF0028FAD04FF4FE4301206361B7
:102B6800F5E700BF002300202DE9F04790F82FA1DA
:102B78000569BAF1000F4FD081468846FFF7D4FFA8
:102B8800002849D0374E0024376818E06B691905CA
:102B980051D4DA0455D4580559D4990441D432682B
:102BA800D21B322A3DD8544507D9EA6D520704D1C1
:102BB8009B0555D4B8F1000F52D005F08BFA544557
:102BC800E4D8EA6D500702F00703DFD413E099F860
:102BD800A5200133022442F48062042B2A661ED009
:102BE8008A4503F1010309EB01020ED992F8A520E9
:102BF800042B2A66CAD00121002CE8D021460133D3
:102C080001348A4509EB0102F0D8B8F1000FBDD0B4
:102C18004FF400732B66B9E70420BDE8F087012460
:102C2800B4E72B694FF40072042043F440732B611E
:102C38002A66BDE8F0872B69042043F440732B61B2
:102C4800EBE72B69052043F440732B61E5E72B691B
:102C58004FF40072022043F440732B612A66DCE7CC
:102C68000020DAE7002300202DE9F84F83460C46C0
:102C780015461F46D0F810A0FFF756FF002800F0B1
:102C88009E806100012DDFF83C8140F20146CBB205
:102C98004FF0000138BF0125D8F800900C461E43BC
:102CA800ABF8A21020E09BF8A330872B3FD9DAF8C5
:102CB800142010055AD412F4105F70D1D8F80030DF
:102CC800A3EB0903322B6AD89BF8A330AB4209D394
:102CD800022C07D9DAF85C30590703D193054BD495
:102CE800002F49D005F0F6F9022CDCD8DAF85C3070
:102CF80003F007025B07D6D4681E224440F48070B4
:102D08004CB9CAF860600134131B032BCBD8022CD2
:102D1800C9D8002CF5D0012C37D01FB14FF400735F
:102D2800CAF860309BF8A3300324872BBFD8DAF8A1
:102D38005C2012F4E02FC2F3024CB8D0591C9C441A
:102D48001933C9B25FFA8CFC5BFA83F3DAF87000C6
:102D58004A1C61458BF8A310D1B203F8010FA6D025
:102D68008929F3D1DAF814201005A4D5DAF810303F
:102D780043F44073CAF81030DAF85C3013F4E02FEB
:102D880006D19BF8A300BDE8F88FCAF86000BAE73F
:102D9800DAF8103043F40073CAF81030F1E7DAF8C3
:102DA80010304FF4007243F44073CAF81030CAF878
:102DB8006020DAF85C3013F4E02FE2D0E8E7042072
:102DC800BDE8F88F00230020F8B506690446D6F858
:102DD800145115F4706301D0C6F81431A8070BD547
:102DE800D6F8702111043DD50023012184F8A230C2
:102DF800234484F8A3109A76EA0710D594F8307122
:102E0800F7B194F82E7194F82F31BB4226D97B1C68
:102E1800274484F82E3197F8A530C6F86031AB0501
:102E28000DD594F8A30018B1D4F83C3103B19847F4
:102E38000023A4F8A230A4F82E3184F83031F8BD6C
:102E4800D4F8383103B19847002384F82E31012390
:102E580084F8303194F82F31BB42D8D80023C6F813
:102E68006031DCE794F8A330872BC5D8591CC9B268
:102E7800BEE700BF0148FFF7A7BF00BFCC0F002087
:102E88000148FFF7A1BF00BF0C1100200148FFF760
:102E98009BBF00BF4C12002038B504460D460122E6
:102EA8000021D0F8680100F05DFB207008B1002017
:102EB80038BD0122D4F86801114600F053FB207098
:102EC8000028F4D1032D0CD8DFE805F00233680F91
:102ED80001220321D4F8680100F044FB2070002887
:102EE80078D0B0FA80F0400938BD4FF48042012113
:102EF800D4F8680100F08CFB20700028F1D101465D
:102F08004FF49012D4F8680100F082FB207000287A
:102F1800E7D13549D4F8680100F070FA207000282C
:102F2800DFD102460321D4F8680100F01BFB2070B2
:102F3800D7E71A212D4805F04FF82D4803F0ECFA91
:102F480041F699120121D4F8680100F061FB207064
:102F58000028C6D101464FF47012D4F8680100F079
:102F680057FB20700028BCD148F2E801D4F868016A
:102F780000F044FA20700028B3D101461222D4F898
:102F8800680100F03DFA20700028AAD10E22012124
:102F9800D4F8680100F034FA2070A2E74FF48042B8
:102FA8000121D4F8680100F033FB2070002898D183
:102FB80001464FF40012D4F8680100F029FB207094
:102FC80000288ED147F23051D4F8680100F016FA83
:102FD800207086E740F6D4020321D4F8680100F097
:102FE80017FB20707DE700BF400D0300900500200F
:102FF800AC0F00202DE9F043044616461846292256
:10300800D4F8683183B004F1040801F07F0583F82F
:103018005C210122D4F868319DF8287083F85D217D
:103028004FF4C872D4F86831C3F86001A3F85E2180
:1030380005F0DAFB404600F0A7FB20706900D4F8E1
:10304800680100F0C5F920700A2003F0B3FC94F978
:1030580000301BB1002003B0BDE8F0834046D4F82F
:10306800683104F5B67883F85C51414600F0ACF954
:103078000546207048B9BEB9D4F8CC21824B13401C
:10308800824A934278D0FB232370002EE2D00F218E
:103098007F4804F0A1FF94F900107E4803F030FA4D
:1030A8007C4803F039FAD5E70D217B4804F094FFFA
:1030B800784803F031FA0D21784804F5C67904F010
:1030C8008BFF404605F0DCFA0146404604F5D67809
:1030D80004F082FF0821724804F07EFF484605F09C
:1030E800CFFA0146484604F077FF06216D4804F000
:1030F80073FF404605F0C4FA0146404604F06CFFF1
:10310800644803F009FA0B21674804F065FF2B4671
:103118000A2294F8CD115F4803F00CFA092163489C
:1031280004F05AFF2B460A2294F8CE11594803F0AE
:1031380001FA584803F0F0F9D4F8CC21524B134067
:10314800524A934256D02121594804F045FF2B4654
:1031580094F8CD110A224F4803F0ECF92C2004F022
:1031680025FF2B460A2294F8CE114A4803F0E2F9CB
:10317800484803F0D1F986E7D4F8680100F06EFEFC
:10318800207000287FF466AF0DF1010201A9D4F880
:10319800680100F06BFF207000287FF45BAF0DF131
:1031A80003020DF10201D4F8680100F0DFFB207082
:1031B80000287FF46AAFAEB90021D4F8680100F0A6
:1031C8000DF9207000287FF460AF39462046FFF7DC
:1031D80063FE94F90030002B7FF457AF012003B051
:1031E800BDE8F0831621334804F0F6FE294803F0C1
:1031F80093F9E1E794F90030002B7FF446AF1321EF
:103208002D4804F0E9FE234803F086F9D4F8680154
:1032180000F024FE0546207000287FF436AF2121F7
:10322800264804F0D9FE1B4803F076F90DF1010297
:1032380001A9D4F8680100F019FF0F212070204877
:1032480004F0CAFE2B460A220199124803F072F9CB
:1032580014211C4804F0C0FE2B460A229DF80110D8
:103268000C4803F067F90B4803F056F994F900305D
:10327800002B7FF40AAF1E21134804F0ADFE054869
:1032880003F04AF98BE700BF00FFFF0000010100CF
:1032980024070020AC0F00201C0600202C0600206C
:1032A8003C06002048060020500600205C0600204E
:1032B800680600200C0700208C060020A0060020CD
:1032C800C4060020D4060020EC06002030B589B0E2
:1032D8000D7E0F4C6946284600F078F80E210D48FF
:1032E80004F07AFE00230A222946204603F022F938
:1032F8000321094804F070FE684605F0C1F901464B
:10330800684604F069FE204603F006F909B030BDAE
:10331800AC0F0020AC050020BC0500200000000018
:1033280070B5044682B032B9D0F8680102B0BDE881
:10333800704000F0E9BC0D461F48292104F04CFEFE
:103348001E4803F0E9F82946D4F8680100F0DCFCCF
:10335800294606462046FFF7B9FF01AA0321D4F8FB
:10336800680100F0EBFA1821154804F035FEDDED90
:10337800017A02211148B8EE677A9FED0D0BB7EE7E
:10338800C77A27EE000B03F0EBF80C4803F0C4F8FB
:1033980013210C4804F020FE2989084803F0B0F8EE
:1033A800064803F0B9F8304602B070BDAFF30080AC
:1033B800000000000000F03EC0050020AC0F002017
:1033C800EC0500200806002002F058BC02F0B4BC4E
:1033D8000A468A21520802F031BD00BF152903466A
:1033E80003D8054ACA40D20702D46FF007007047D5
:1033F80000201974704700BF0B00300001F0A2BF15
:1034080001F084BE01F07EBFF0B583B000230E4604
:10341800174601210DF1070205468DF8073002F025
:103428004DFD0446E0B9012F9DF807301BD0042E4E
:1034380051D8DFE806F031032B251F0003F0D7062B
:1034480033F0D7030CD032460121284602F0F6FCAF
:10345800044628B96969284685F8306101F072FF89
:10346800204603B0F0BD042E35D8DFE806F02F2A39
:1034780025201B0003F07F0633F07F03E3D1EFE73D
:1034880003F0BF0633F0BF03DDD1E9E703F0FB0625
:1034980033F0FB03D7D1E3E703F0EF0633F0EF0394
:1034A800D1D1DDE743F08006B342CCD1D8E743F071
:1034B8004006B342C7D1D3E743F00406B342C2D1B2
:1034C800CEE743F02806B342BDD1C9E743F0100662
:1034D800B342B8D1C4E76FF00304C1E710B582B0B6
:1034E80000230C4601210DF107028DF8073002F088
:1034F800E5FC78B99DF80730C3F30011C3F3C002A7
:103508002170C3F38001A270C3F38012DB096170DC
:10351800E270237102B010BD30B583B00D46F821BA
:1035280004460DF1020202F0D7FC08B103B030BD29
:1035380001AA0421204602F0DDFC0028F6D1BDF8DE
:1035480002201AB92B68A36103B030BD019BB3FBFD
:10355800F2F32B60F7E700BF034600201B7F0B70D8
:10356800704700BF052940D870B50E460446154679
:1035780062B100EB810200230120526B711E042905
:1035880036D8DFE801F029261C130600104601236F
:10359800F4E71B01EF226021204602F06BFC20B902
:1035A8008DB93444284684F8285070BD5B00FE224B
:1035B8006021204602F05EFC0028F6D1F0E784F88E
:1035C8002B00002DEDD0A1190123002081F828300F
:1035D80070BD84F82A00E3E7C2F34F224421204655
:1035E80002F03AFC0028E0D1DAE76FF003007047F8
:1035F80084F82800D4E700BF052905D80144002035
:1036080091F828301370704700236FF00300F9E732
:1036180070B50C4641180546164691F8280018B9A9
:1036280005EB8404626370BD052C1ED8DFE804F046
:103638001012191B0303C2F34F226421284602F01B
:103648000BFC0028EFD105EB840300205E6370BDFE
:103658006A63F8E7C2F34F224421284602F0FCFBD4
:10366800EFE7EA63EFE72A64EDE76FF0030070BD68
:1036780030B5044683B0154605292DD8DFE801F09A
:103688001012222403030DF10602642102F024FC27
:1036980020B9BDF806305B0200202B6003B030BDB6
:1036A800436BF9E70DF10602442102F015FC0028EE
:1036B800F4D1BDF806305A0243B9A36B2B6084F8E5
:1036C8002900EBE7C36BE7E7036CE5E701232A6012
:1036D800A26384F82930E1E76FF00300DEE700BF5A
:1036E8002DE9F043037C83B00E46054601F8083BFC
:1036F800FFF712FF00283FD130730DF10602202199
:10370800284602F0E9FBB8BBBDF80630BBBB2A6A05
:10371800326106F1140128462B7700F0A9FC58BB4A
:1037280006F12407044605F1270906F117083A4669
:10373800A1B2284601340437FFF79AFFE0B919F817
:10374800013F062C08F8013FF1D10DF106020121D5
:10375800284602F0B3FB78B99DF80620311D2846AB
:10376800D30985F8302186F83C3085F84C3003B011
:10377800BDE8F04301F050BE03B0BDE8F083DA00C5
:10378800012332612A62C4E7F0B5012393B0FE2217
:103798008921054602F06EFB002800F0C3800DF178
:1037A8000702C021284602F089FB00234FF4C872A3
:1037B8004FF47A7085F8F03002A92B62A5F85421ED
:1037C8005B4B5C4AA5F852012846C5F85821C5F854
:1037D800D430FFF785FF044688B902AEADF808007B
:1037E80005F1100C0FCEACE80F000FCEACE80F00BF
:1037F8000FCEACE80F0096E80F008CE80F004FF4EE
:10380800FA7301274C4A8021A5F838314FF4206318
:10381800C5F834212846A5F83C313A4685F8507158
:1038280002F00CFB06463A46FF21284602F006FB4A
:1038380030430022002604432846114664B202F0B1
:10384800FDFA0DF1060204439121284664B202F004
:1038580035FB9DF8063004433A4685F83A31002195
:1038680064B2284602F0EAFA00220443FF212846FF
:1038780064B202F0E3FA002204438021284664B2CD
:1038880002F0DCFA204344B20122B1B228461644C1
:103898002CB9FFF767FE062E0446F5D110B1204675
:1038A80013B0F0BD68850223FE2260210646284633
:1038B80002F0E0FA04460028F1D11023EF2260213B
:1038C800284685F82C6002F0D5FA04460028E6D18F
:1038D8004FF4901295F8293085F82D606A633BB152
:1038E80020224421284602F0B7FA04460028D6D1FF
:1038F8000023FF224FF480404FF40C112B64A8637F
:103908002846E963012185F8302102F097FA01235E
:10391800044685F832310028C1D185F815012046C2
:1039280013B0F0BD02468821284602F087FA36E730
:10393800A4700900856B010064008403052912D86E
:10394800022906D001D8012908D1C36D00201360CF
:103958007047D0F84831002013607047D0F84031E4
:103968000020136070476FF003007047012300F0D8
:10397800D7BD00BF2DE9F04190F8DA3082B0013BA5
:10398800022B04D90025284602B0BDE8F0810E4676
:103998000DF106020E210446DFF8848002F09CFA3D
:1039A800BDF80630054608EA43470028EBD10DF17B
:1039B80006020C21204602F08FFAB7F57F0F054664
:1039C800BDF8063004D808EA4348B8F57F0FDAD9BD
:1039D800002DD8D136B11149204602B0BDE8F041DA
:1039E80001F082BD0422FF21204602F027FA064694
:1039F8002A467021204602F021FA06432A46FF2172
:103A080076B2204602F01AFA2A460643802120465A
:103A180076B202F013FA304345B2B4E7F40D002051
:103A28000000FE1F70B5044682B001228021057C8B
:103A380002F004FA0122FF21204602F0FFF90022D9
:103A48002046114602F0FAF994F83A2191212046CD
:103A580002F0F4F901220021204602F0EFF90022D9
:103A6800FF21204602F0EAF900228021204602F0D8
:103A7800E5F9012D07D0032D41D0A5B16FF0070559
:103A8800284602B070BD002841D0022200212046FD
:103A980002F0D4F905460028F2D10423284684F818
:103AA800323102B070BD012629460122204602F0BB
:103AB800C5F98DF8076005460028E1D1012E0DF102
:103AC80007024FF0000120460AD19DF80730DB07B6
:103AD800D6D501360DF1070200212046012EF4D07B
:103AE80002F0ECF99DF80730DA0702D508B9C72EBD
:103AF800EFD9C82E14BF05466FF00605C0E708B118
:103B08000422C3E701212046FFF734FFF8E72946DE
:103B18002046FFF72FFFB8E710B590F8DA3082B0EB
:103B28000C46042B0DF107020BD0142102F0C6F944
:103B380028B99DF80730DB0715D50123237002B09B
:103B480010BD132102F0BAF99DF8073013F0180FD1
:103B580003F0070318BF6FF00500042BEDD0002316
:103B6800237002B010BD207002B010BD2DE9F04FD7
:103B780091B00C230C46142106AA804602F048F99D
:103B88000646002840F085809DF822309DF8237075
:103B98009DF81F2007EB03279DF81E309DF8201085
:103BA80002EB03229DF82130A075BFB203EB01237D
:103BB8009DF81A1092B220609BB2606052025B02BC
:103BC800E26023619DF81B3003EB01239DF8181078
:103BD8009BB2A382B8F8525198F83161B5F57A7F53
:103BE8001BD007FB05F5314F05F5FA75A7FB0575E1
:103BF80098F81C70AD097FB1B8F8207003FB07F77F
:103C0800B2EB272F4FEA272C47D0ADB2A2EB0C0C12
:103C180002FB05F5B5FBFCF5AFB2002E40D0B801AC
:103C2800BF08C5B20DF117002781E5750190404620
:103C3800009401F0F3FE064658BBE36808F1500E05
:103C4800226909AD9DF81770F4460293277603920E
:103C580094F81780B4F81490BEE80F00D4E901BABC
:103C68002C460FC59EE80700029B85E80700039ACB
:103C78000C930D92ADF838908DF83B80CDE90ABAD7
:103C88008DF83C700FCCACE80F0095E807008EE883
:103C98000700304611B0BDE8F08F1EB948F6E0279E
:103CA8000025BFE7054640F6AE07BBE7D34D6210D7
:103CB80070B5002582B0064602E0022D1CD8DBB99B
:103CC80001220B213046013502F0B8F804460022E3
:103CD8000B213046EDB202F0B1F804430DF10702B2
:103CE8001321304664B202F0E9F89DF8072044EA4F
:103CF800000352075BB2E0D1032D14BF18466FF0E2
:103D08000B0002B070BD00BF38B5002304460D4655
:103D18000374FFF787FE88B9204600F06BFD68B989
:103D280003232946204684F83231FFF71FFF28B9BC
:103D380001462046BDE83840FFF7BABF38BD00BF8E
:103D4800152970B5054620D0042A144602D96FF00B
:103D58000A0070BD0A211E4602F070F80028F8D14A
:103D6800331E4FF0EF024FF08401284618BF01239D
:103D78001B0102F07FF80028EBD1014685F8DA40F4
:103D88002846BDE87040FFF793BF0122FF2102F0EB
:103D980055F8002204462846114602F04FF804431D
:103DA8000022FF2164B2284602F048F801220443A9
:103DB8008021284664B202F041F80222044385219A
:103DC800284664B202F03AF804220443FF21284648
:103DD80064B202F033F800220443CD21284664B2CD
:103DE80002F02CF811220443CC21284664B202F0D8
:103DF80025F807220443FF21284664B202F01EF882
:103E080000220443BE21284664B202F017F80622B5
:103E18000443FF21284664B202F010F80922044343
:103E2800CC21284664B202F009F800220443FF219D
:103E3800284664B202F002F801220443FF21284612
:103E480001F0FCFF034664B2002228461C431146D9
:103E580001F0F4FF64B2204340B270BDF0B5002316
:103E680095B005460121ADF806308DF803308DF880
:103E78000430029300F006FD95F8142195F813110B
:103E8800012A05D8202940F2E580D00740F1D980E1
:103E980001AA02A9284600F061FB0446002C40F064
:103EA800CA8095F85031002B00F0C8806D4928462B
:103EB80001F01AFB0446002840F0BD802346214645
:103EC80004222846FFF73CFF0446002840F0B38050
:103ED8000122FF21284601F0B1FF06460DF1060236
:103EE8008421284601F0F8FF06432246FF2176B2D6
:103EF800284601F0A3FF304344B2002C40F09B80D9
:103F0800BDF80630284604A91B01C5F8D430FFF7D0
:103F1800E7FB0446002840F08E80092128460DF171
:103F2800030201F0CBFF0446002840F084809DF88E
:103F3800033004AC05F1100C03F0010385F83131AE
:103F48008DF803300FCCACE80F000FCCACE80F00B5
:103F58000FCCACE80F0094E80F008CE80F000DF1CF
:103F680003020121284601F0A9FF0446002862D176
:103F78009DF8033002460146284685F83031FFF7A0
:103F880043FA0446002856D1024602212846FFF784
:103F98003BFA044600284ED1032301460DF10502E1
:103FA800284685F8323101F0ADF90446002842D19F
:103FB8009DF805300DF105020121284685F8E83005
:103FC80001F0A0F90446B0BB9DF80530032128464E
:103FD80003AA85F8E03000F019FF044658BB039B9C
:103FE8004FF47A77204E03AAA6FB0301890907FB41
:103FF80011330904C3EB034303F5FA73A6FB030368
:10400800284601EB9311C5F8E410042100F0FEFEE8
:10401800044680B9039BA6FB0312920907FB1233DF
:104028001204C3EB034303F5FA73A6FB036302EB25
:104038009312C5F8DC20204615B0F0BDD5F84C1118
:1040480035E70C2908D901AA02A9284600F086FA02
:10405800044623E7D307F4D5284600F0F1F80446D0
:104068001CE700BFF80C0020D34D621000F076BAB0
:1040780010B582B00C4628210DF1060201F02CFF84
:1040880068B9BDF80620C2F30B03120509D5A3F5DC
:104098008053C3EB431203EB82035B00236002B03F
:1040A80010BDFA2202FB03F3236002B010BD00BF6B
:1040B80030B5B1EBD20F4FF0FF341C6017D9D408DC
:1040C80002F00705621EA44600EB020E64451EF8C6
:1040D800012F11D0002012F0010F4FEA520207D130
:1040E80001300828F7D10CF1010C6145EED130BD43
:1040F80000EBCC00186030BD2A412846D2B2EAE76E
:104108002DE9F04F87B01C46DDF84890DDF84C806B
:10411800109E0190CDF80C90B8F1000F37D00F46E3
:1041280000253146DFF8ACB04FF0010A164614E01E
:104138005BF822200AFA00F0003A18BF0122BA42BE
:104148001CD1B1EBD30F03F1010904D914F80C30D9
:10415800034304F80C30A84518D04A4603AB304650
:104168000135FFF7A5FF039B119A581C4FEAD30CA2
:104178001A4403F007004FEA9212D9D1149B6FF04A
:104188003100C3F8009007B0BDE8F08F0E46149ACE
:104198000623B0210198C2F80090224601F022FEC1
:1041A8000028F0D106230198B02104AA01F030FEBE
:1041B800002EE8D004AB264401E0A642E3D014F870
:1041C800011B13F8012B9142F7D06FF0310007B0B3
:1041D800BDE8F08FF815002070B5C02288B00E46F3
:1041E8000121044690F8305101F028FE08B108B0CA
:1041F80070BD01A92046FFF787FD0028F7D10122ED
:10420800FF21204601F01AFE0028F0D13246B621DF
:10421800204601F061FE0028E9D10246FF21204630
:1042280001F00CFE0028E2D12A460121204601F0C7
:1042380005FE0028DBD184F8305108B070BD00BFFE
:1042480070B5154688B00E460122FF21044601F0DC
:10425800F5FD80B30023C4F82431A4F82831E5B172
:10426800224A9168D9B107AA294620460492062213
:10427800CDE90236B423009204F59572019304F552
:104288009273FFF73DFF30B9012384F8136184F876
:10429800145184F8153108B070BD2B46E3E70123AB
:1042A80003F1B5010133890952F821100029DAD147
:1042B8002C2BD8D0F4E702464F21204601F0BEFD52
:1042C8000028C7D12C224E21204601F0B7FD024616
:1042D8000028BFD1FF21204601F0B0FD0028B9D148
:1042E800B422B621204601F0A9FDB3E7F815002055
:1042F8000A46002110B542F00102044601F09EFD75
:1043080000B110BD204600F075FA0028F9D1014629
:104318002046FFF7CDFC0028F3D10246014620468F
:10432800BDE8104001F08ABD2DE9F04F4FF0000BB9
:1043380083B005460E469046FF2101221F469DF890
:1043480038A09DF83C908DF807B001F077FD044641
:104358005A465946284601F071FD04435A46FF2142
:1043680064B2284601F06AFD044364B226B3BAF188
:10437800000F30D1B9F1000F37D10122FF212846B3
:1043880001F05CFD044301220021284664B201F0DB
:1043980055FD0346002228461C43FF2101F04EFD2F
:1043A8009DF8073064B20D9A23F010032043137070
:1043B80040B203B0BDE8F08FBAF1000F1ED1B9F1D9
:1043C800000FDAD03B468022EE21284601F052FD4C
:1043D800204344B2D1E70C9ACB21284601F06EFD68
:1043E800204344B2B9F1000FC7D00DF10702EE2106
:1043F800284601F063FD204344B2BEE74246CB2184
:10440800284601F01BFD204344B2B9F1000FB4D097
:10441800D8E700BF2DE9F043002587B004460F46D2
:104428008DF8175090461D467BB1012290F83061F7
:104438002046114601F002FD814678B100233B7009
:1044480000B915BB07B0BDE8F083012220461E461F
:10445800114601F0F3FC81460028EFD140212046A7
:10446800FFF746FF0028E9D1B8F1010FE6D10DF1B9
:10447800170001214B464A46019020460097CDF887
:104488000C900291FFF750FFDAE7324601212046EF
:1044980001F0D4FC0028D5D184F8306107B0BDE81C
:1044A800F08300BF2DE9F043044687B00F469046DD
:1044B8001D467BB190F8306102220121204601F0AF
:1044C800BDFC8146A0B100233B7000B925B907B0F7
:1044D800BDE8F0831E46EFE732460121204601F091
:1044E800ADFC0028F3D184F8306107B0BDE8F08353
:1044F80001462046FFF7FCFE0028E4D1B8F1010F81
:10450800E1D10DF1170301214A46204600934B469D
:104518000197CDF808900391FFF706FFD5E700BF94
:10452800F8B51D461646002304462A4690F8307111
:10453800FFF770FF00B1F8BD03462A463146204612
:10454800FFF7B0FF0028F6D13A460121204601F0D6
:1045580075FC0028EFD184F83071F8BD2DE9F04FD3
:10456800002393B00646B0F83C81C0F82431A0F887
:1045780028310E930F938DF834308DF83530CDE90E
:1045880008120122FF2101F059FC054618B12846FE
:1045980013B0BDE8F08F02464F21304601F04EFCC3
:1045A80005460028F3D12C224E21304601F046FC66
:1045B80005460028EBD10246FF21304601F03EFCBB
:1045C80005460028E3D1B422B621304601F036FC76
:1045D80005460028DBD102468021304601F02EFC3A
:1045E80005460028D3D103460DF135020DA9304602
:1045F800FFF796FF05460028C9D10EAB4FF0B40C63
:1046080006F5957A06F592770493032301460290FE
:104618000393062352463046CDE9003C3B46FFF75C
:104628006FFD05460028B2D130460DF136010E9CCB
:10463800FFF7D2FD05460028A9D1BDF8363043451D
:104648002ED904F1B4036A4A9B0952F823100023B7
:10465800C6F82431A6F8283149B92B2C07D82346A7
:104668000134B5339B0952F82330002BF5D00EAB3B
:104678004FF003090294B4240493062352460121FF
:104688003046CDF80C90CDE900343B46FFF738FDB5
:10469800002800F094800546284613B0BDE8F08F46
:1046A800002291460B92069298455AD9A3EB08032B
:1046B8000A9583EAE372A2EBE3729DF818300B9334
:1046C800032307921D4638682246BB8806211090AE
:1046D8005046ADF844300FABFFF7EAFC0F9C05F1EC
:1046E80001090B4604F1B402601C4FEAD40B22FA0C
:1046F80001F25ED03E4951F822200699003A18BFCF
:1047080001228A4255D104F0070C2F2C4FF0010EDC
:104718003A464FF0B001304604F101040EFA0CFCA1
:1047280047D817F80BE04EEA0C0E07F80BE001F03B
:1047380059FB03460DF136013046002B55D1FFF7E2
:104748004BFD0028A7D1BDF83620A2EB0803002BAB
:10475800B8BF5B42424517D9079A2C460A9D934237
:1047680015D8089A284609990B9BC2F800900B7037
:10477800012386F81531136886F813310B7886F80B
:10478800143113B0BDE8F08F4D4607939BE706231D
:1047980010AAB021304601F025FBBDF8442003469D
:1047A8001098BA8038601846002B7FF474AFA14681
:1047B800D7E76FF03105284613B0BDE8F08F0DF14B
:1047C800360130460E9CFFF707FD00287FF463AFE3
:1047D800BDF83630434503D901220B92069263E7B0
:1047E800012281460B9006925EE71D46CFE600BF88
:1047F800F815002030B5002383B0C82405468DF88D
:10480800073007E09DF80720012A0CD0013C0DD0A5
:1048180001F07EFB0DF107012846FFF77DF90346FD
:104828002846002BEED0184603B030BD6FF00603C3
:10483800184603B030BD00BF70B5002282B0832196
:10484800064601F0FBFA044680B9C82501E0013D9F
:1048580015D00DF107028321304601F02FFB9DF89A
:10486800073004460343DBB2002BF0D0012283213A
:10487800304601F0E3FA204340B202B070BD6FF059
:104888000604F3E72DE9F04F90F8F07091B04FF07F
:10489800000A072FCDE907AA04D15446204611B0D3
:1048A800BDE8F08F05460E460122802101F0C6FAC8
:1048B80080460122FF21284601F0C0FA48EA000894
:1048C800524651464FFA88F8284601F0B7FA0622B0
:1048D80048EA0008FF2128464FFA88F801F0AEFAA6
:1048E800832148EA00080DF1150228464FFA88F896
:1048F80001F0E4FA9DF8152048EA0008832142F007
:10490800040228464FFA88F801F098FA072248EA84
:104918000008FF2128464FFA88F801F08FFA012293
:1049280048EA0008812128464FFA88F801F086FAFB
:1049380048EA0008284601F0EBFA01224FFA88F805
:10494800802148EA0008284601F078FA16F00109A3
:104958004FFA88F848EA000044B213D0FB0740F148
:104968007E8116F00203CDE902AA019310D116F058
:10497800040B00F0E780780740F1BE814FF0000A91
:10498800D046E1E0CDE9029916F002030193EED09A
:1049980017F00208EBD102229421284601F04EFAC2
:1049A80082462846FFF748FF4AEA00000DF1160242
:1049B80090210443284601F081FA7B2264B29421B5
:1049C8000443284601F03AFA64B204432846FFF744
:1049D80033FF0DF1170264B290210443284601F019
:1049E8006DFA772264B294210443284601F026FA2E
:1049F80064B204432846FFF71FFF902164B206AA59
:104A08000443284601F076FA069B64B27822942182
:104A18000443D800104064B28DF81500580E8DF884
:104A28002C00C3F386408DF82D00C3F3C620C3F3D2
:104A380006138DF82E0028468DF82F3001F0FEF968
:104A480004432846FFF7F8FE06AA64B290212043E3
:104A580044B2284601F04EFA069B9DF815202043E3
:104A6800942102EB537244B228468DF830209A0103
:104A780002F040028DF81520C3F386528DF83120DC
:104A8800C3F3C6328DF83220C3F30622C3F34603BC
:104A98008DF8332079228DF8343001F0CFF90443B2
:104AA8002846FFF7C9FE06AA64B29021204344B203
:104AB800284601F01FFA069B9DF8152020439421F3
:104AC80002EB936244B228468DF835209A0002F032
:104AD8007C028DF81520C3F3C6428DF83620C3F347
:104AE8000632C3F346138DF837207A228DF8383012
:104AF80001F0A4F904432846FFF79EFE06AA64B213
:104B08009021204344B2284601F0F4F9069B9DF811
:104B1800152020438DF83E8002EB937244B28DF845
:104B28003920C3F3C6528DF83A20C3F306428DF8F4
:104B38003B20C3F34622C3F386038DF83C208DF84F
:104B48003D3014E7DA46D84600228121284601F094
:104B580075F920430622FF2144B2284601F06EF978
:104B68000DF1150204438321284664B201F0A6F929
:104B78009DF815200443832102F0FB02284664B205
:104B880001F05CF901220443FF21284664B201F0D8
:104B980055F9012204430021284664B201F04EF978
:104BA80000220443FF21284664B201F047F900229D
:104BB80004438021284664B201F040F9044364B2FA
:104BC800002C7FF46BAEB9F1000F01D0F9072AD59C
:104BD800019B0BB1BA0734D5BBF1000F1CD07B0782
:104BE8001AD44FEA4A23C5F82031079BC5F8183173
:104BF800089BC5F81C31B8F1000F00F004814FF490
:104C08007A73A8F5C85803FB08F84FEA1818C8F1D2
:104C180000080FFA88F3EB603743204685F8F070F8
:104C280011B0BDE8F08F029B0998BDF8282085F8DF
:104C38001331039BC5F82A0185F81431A5F82E21F4
:104C4800C6E79DF816200BA905F1F30085F8F120B9
:104C58009DF8172085F8F22003F09AFCBCE76B2238
:104C68009421284601F0EAF880462846FFF7E4FD3B
:104C780048EA0000902106AA0443284601F03AF9C0
:104C8800DDF818C064B22422CCF30623942104432F
:104C980028460293CCF3C03364B2039301F0CEF8F4
:104CA80004432846FFF7C8FD06AA64B290210443CE
:104CB800284601F01FF9069B64B225221BBA9421ED
:104CC8002043099344B2284601F0B8F8204344B27F
:104CD8002846FFF7B1FD06AA04439021284601F0B3
:104CE80009F9069B64B21A0E20431B0C8DF8282084
:104CF80044B28DF8293047E67B229421284601F0FA
:104D08009DF880462846FFF797FD48EA000807AA5D
:104D1800902144EA0808284601F0ECF87C224FFA72
:104D280088F8942148EA000044B2284601F086F841
:104D3800204344B22846FFF77FFD08AA204390216C
:104D480044B2284601F0D6F873222043942144B295
:104D5800284601F073F8204344B22846FFF76CFD5B
:104D68009021044306AA284664B201F0C3F8069AC3
:104D7800044394211202284664B21FFA82F874226E
:104D880001F05CF80443284664B2FFF755FD06AA13
:104D980004439021284664B201F0ACF8752204431C
:104DA800942128469DF81BA064B201F047F84AEA0E
:104DB800080A04432846FFF73FFD06AA64B290217B
:104DC8000443284601F096F8069A64B29421120228
:104DD800044328461FFA82F8762264B201F02EF8BE
:104DE80004432846FFF728FD06AA64B2902104432D
:104DF800284601F07FF89DF81B2064B242EA0808B3
:104E0800204344B2A0E6434605E700BFF0B50229B7
:104E180085B04FF00004064615468DF80340ADF8FE
:104E2800044007D9032934D0042921D020462C6016
:104E380005B0F0BD0DF102022146FEF7E3FA0028A5
:104E480048D0494B9DF80220484903FB02F29DF8DF
:104E5800034002F5FA72A1FB0232930904FB033402
:104E680004EBD214A1FB0414A4092C6005B0F0BD16
:104E780002A9FEF733FB9DF80B3093B30DF102073F
:104E8800214630463A46FEF7BDFA002857D022465A
:104E980032E021460DF10202FEF7B4FA0028C6D12D
:104EA80001460DF102023046FEF7ACFA002855D053
:104EB800BDF804102C4A9DF8023002FB03F3CAB275
:104EC800090A03F5FA738A4028490132A1FB034312
:104ED80092B21BE00DF103024621304600F0EEFFCE
:104EE800AFE71C460DF102073A4601213046FEF7AE
:104EF80089FAA8B1624292B21B499DF8023001FBBF
:104F080003F31A4903F5FA73A1FB03439E09DC096D
:104F180002FB0644A1FB0414A4092C6005B0F0BDF3
:104F28000DF106027121304600F0D6FFBDF80630BB
:104F3800DAB21B0A9A400132121B92B2DCE701AACC
:104F48005121304600F0C8FFBDF80420D3B2120A40
:104F5800934001339CB20028C6D0CBE701AA512167
:104F6800304600F0B9FFA3E7002F3A00D34D621096
:104F78000229F0B5044685B015465BD9032900F02F
:104F88008180042940F0BB8002A90DF10507FEF7D6
:104F9800A5FA9DF80B60B6B1002120463A46FEF707
:104FA80031FA08B105B0F0BD0DF1060251212046D5
:104FB80000F092FFBDF80630DEB21B0A9E400136B3
:104FC800B6B20028EED13A4601212046FEF71AFA79
:104FD8000028E7D14B4B4FF47A719DF8052003FB6D
:104FE80002F2494B02F5FA72A3FB0232D309920985
:104FF80001FB0533B3FBF2F316FA83F39AB27AB1E5
:10500800013A32F0FF0309D003465208013322F077
:10501800FF019BB20029F8D11B029BB213449AB23C
:105028007121204600F018FF0028BBD1C4F8DC50DD
:1050380005B0F0BD0DF105020021FEF7E3F90028E7
:10504800B0D19DF805304FF47A712E482E4A00FBF6
:1050580003F303F5FA73A2FB0323DA099B0901FBA7
:105068000522B2FBF3F39AB2B2F5807F44D8013B34
:10507800DAB2134646212046A4F8D83000F0DEFE06
:1050880005B0F0BD0DF105020021FEF7BBF91D4A80
:105098009DF805304FF47A7102FB03F31A4A03F5C1
:1050A800FA73A2FB0323DA099B0901FB0522B2FB71
:1050B800F3F292B27AB1511E31F0FF0209D0002307
:1050C8004908013321F0FF029BB2002AF8D11A02E5
:1050D80092B20A4492B2ADF80620A4F8D82000286B
:1050E8007FF460AF5121204600F0B6FE00287FF41F
:1050F80059AFC4F8E45055E7FF231A46BAE76FF0F2
:1051080003004FE7002F3A00D34D6210002370B51B
:1051180084B08DF80330D30700F187801546044624
:1051280079B1012940F08180A2F10803DAB2062A98
:105138007BD8062B40D8DFE803F0A43FC33FD43F19
:105148001100A2F10C03DAB2062A6ED8062B5AD83F
:10515800DFE803F06759655969594D00482211463F
:1051680000F06CFE08224721204600F067FE03226B
:1051780032210646204600F061FE07220643302110
:10518800204676B200F05AFE01220643FF2120464F
:1051980000F054FE202276B206433021204676B233
:1051A80000F04CFE00220643FF21204676B200F0B4
:1051B80045FE304340B2C0B96A0804212046013A8E
:1051C800D6B201AAFFF722FE00284DD084F8E0509D
:1051D80058B961692046FEF711F930B90246012332
:1051E8000DF103012046FFF75DF904B070BD5022B0
:1051F8005721204600F022FE08225621204600F0C2
:105208001DFE0028F1D16A0803212046013AD6B2D2
:1052180002AAFFF7FBFD60B184F8E850D8E7302216
:10522800E6E71822E4E74022E2E76FF0030004B063
:1052380070BD03AA02212046FFF7E8FD0028EBD144
:1052480032465021204600F0F9FD0028E4D1029AA8
:1052580003212046FFF78CFE0028DDD1039A0221A6
:105268002046FFF785FED7E732467021204600F03A
:10527800E5FD0028AAD1019A04212046FFF778FE0F
:10528800A4E71022482100F0D9FD08224721204632
:1052980000F0D4FD064602223221204600F0CEFD61
:1052A80006430C22302176B2204600F0C7FD0122C9
:1052B8000643FF21204600F0C1FD302276B26BE79D
:1052C8002822482100F0BAFD08224721204600F094
:1052D800B5FD032232210646204600F0AFFD092223
:1052E8004CE73822482100F0A9FD08224721204632
:1052F80000F0A4FD032232210646204600F09EFD60
:1053080008223BE710B5144682B091B101290CD1AF
:105318000DF10702702100F0D1FD20B99DF807308A
:1053280001335B00237002B010BD6FF0030002B0C0
:1053380010BD0DF10702502100F0C0FD0028F2D188
:10534800ECE700BF00234FF4FA62F0B585B0CDE971
:10535800002344F61F63994258D90D4602A9064610
:10536800FEF7BCF8044658BB9DF80920A5F6E807E7
:105378009DF8083013439DF80A2013431AD06A4653
:1053880002213046FFF742FD40BB9DF808302BB1A3
:10539800009B03F24E239F4238D9FF1A9DF80A302A
:1053A80003B3009B03F2B223B7EB430F4FEA430268
:1053B8002CD9BF1A9DF80B302BB99DF80C30E3B9E6
:1053C800204605B0F0BD01AA03213046FFF71EFDB7
:1053D800019B03F52573BB4218D2D0B10446204681
:1053E80005B0F0BD9DF80930002BE3D0009B03F514
:1053F80025739F420AD9FF1ADCE7A7F22622042167
:105408003046FFF7B5FD75610446D9E76FF0030430
:10541800D6E7FF1AD1E700BF70B54FF4FA6386B03C
:1054280040F636320C46029300230A6004A9064669
:105438000393FEF753F80546E8B99DF811209DF847
:10544800103013439DF81220134317D19DF81330E1
:1054580063B103AA03213046FFF7D8FC039B03F589
:105468002572236813442360002831D19DF8143035
:105478000BBB23687361284606B070BD02AA0221DF
:105488003046FFF7C3FC18BB9DF810302BB1029AC9
:10549800236802F24E22134423609DF81230DBB9D0
:1054A8009DF81130002BD1D0029A236802F525729D
:1054B80013442360CAE701AA04213046FFF7A6FC7B
:1054C800019B226803F22623134423600028D1D0CD
:1054D8000546284606B070BD029A236802F2B22239
:1054E80003EB42032360B1E72DE9F0410C7882B069
:1054F800002C4ED00025FF2C0E46074605F1010E64
:105508001ED0042C04D96FF0030002B0BDE8F0816E
:10551800023516F80E80224601A87119254401F0BB
:10552800B5FB234601AA4146384600F05BFC745D92
:10553800002CEAD00028E8D1FF2C05F1010EE0D1BB
:105548006A1D05F1040C731916F80E100329DAD830
:10555800DFE801F02E23150298786546D97801EB2B
:105568000021A7F83C111C799CB1FF2C96460CF140
:10557800040C02F1040203F10403C2D1E4E79878B1
:105588006546D97801EB0021A7F838111C79002C61
:10559800EBD1002002B0BDE8F08198786546D97853
:1055A80001EB0021A7F836111C79002CDDD1F0E7BA
:1055B80098786546D97801EB0021A7F834111C7951
:1055C800002CD2D1E5E700BF70B5B0F85451D0F83F
:1055D800584105FB04F48034240A04FB05F0DDE996
:1055E80005455AB1890201EB5201B1FBF2F202EB17
:1055F800420202FB02F202F50042120C0499434EE9
:1056080001FB03F304F50041090C03F500430331E2
:105618001B0CA6FB01C103FB03F38908C1EBC10105
:10562800B1F5803F6AD2E11CA6FB01618908C1EB94
:10563800C10101F50041090C01FB01F103EB550320
:105648000B443349B3FBF5F39B037F335B08A1FBA2
:10565800031330499B0903FB02FE4FF080430EF50C
:10566800FA7EA1FB0E1E00F120014FEA9E1E890959
:105678004FEA0E1E0EF5FA7E9B089942FCD3002BCA
:1056880041D04FF0000C04E003EB5C0C891A9B0836
:1056980007D003EB0C028A42F6D99B084FEA5C0C50
:1056A800F7D1BEF57A7F27D31A4BA3FB0E3E00EB4A
:1056B800DE124FEA9E1EB2FBFEF2B2F1804F1FD2FD
:1056C8004FF080439B089342FCD88BB1002104E043
:1056D80003EB5101121A9B0806D0C8189042F7D95B
:1056E8009B084FEA5101F8D161450B4628BF634634
:1056F800079A0020136070BD0022E1E706499DE784
:105708004FF08043E2E79C46CBE700BFABAAAAAACA
:1057180009040281D34D62100000F0FF2DE9F04F1B
:105728008DB00D46044617469846D1E9039A0DF107
:105738002F01FDF711FF18B99DF82F30002B3CD130
:105748004E460DF12F012046FDF706FF08BB9DF8D8
:105758002F300BBB08904FF47A7E94F8E02094F831
:10576800E8300EFB06FC082AD4F8DC100CF5004CD7
:1057780007930CBF022303235FEA1C4B0691059392
:10578800D4F8E41021D19A4B3B60C4F84031C8F8F2
:1057980000B00DB0BDE8F08F226AAB8A02FB03F3BC
:1057A8004FF47A7280331B0A02FB03F3B3F5481FE8
:1057B80028BF4FF448130893CDE7AE8A236A03FB4A
:1057C80006F6803609EB1626BBE70EFB0AF00EFB41
:1057D80001F306F180010990864800FB02FA079A56
:1057E80000FB02F20AF5FA7A834802F5FA72A0FB86
:1057F8000AA6A0FB02A203EBD21A069B9209BAFBE7
:10580800F2F24FEAD61AB6090EFB03AA099BBAFBB5
:10581800F6FA059E524406FB02F2D20202F5FA722B
:10582800A0FB026240F27766920906FB02F2734E11
:1058380002F5FA721E40089BA0FB020290090A0AB0
:1058480000FB02F28032120A012A38BF0122B6FB9D
:10585800FBF602EB42024FEA820E694A9642F34691
:1058680028BF16464FF4167202FB06F64FF0804228
:1058780092089645FCD34FF0000E05E002EB5E0E51
:10588800ABEB0A0B920807D00EEB020ADA45F5D902
:1058980092084FEA5E0EF7D1DFF860A14FEA4E0E8C
:1058A800DFF868B10CEA0A0A2D89DFF84CC10AF55D
:1058B800FA7A0BFB05F5AAEB030B9A44ACFB0BB386
:1058C800ACFB0ACADFF848C19B094FEA9A1AACFB3D
:1058D80005C51B024FF4487CAD0AB3FBFAF31B0263
:1058E800C3F5803305FB03F306F5004503F50043D4
:1058F8002D0C1B0C05FB05F503F580335B0803FB3A
:1059080003F39B0B0CFB03FC0CF5004C4FEA1C4CFF
:105918000CFB0C5C4FF08045BCF1804F0CD2AD08FD
:10592800AC45FCD302EB050AE24509D805EB520267
:10593800ACEB0A0CAD0807D002EB050AE245F5D935
:10594800AD084FEA5202F7D11204DFF8C8C032326C
:10595800ACFB02C240F6B53C5209B2FBFEF241F282
:10596800883E0CFB02EE274AA2FB0E2C264A9645DF
:105978004FEA5C3C36D841F204120CFB0C2CBCF10B
:10598800804F31D24FF0804292089445FCD332B90F
:1059980015E002EB5505ACEB0E0C920807D005EBB1
:1059A800020EE645F5D992084FEA5505F7D14FF4AE
:1059B8007A7205FB02F20E4DAA4228BF2A463A60C7
:1059C80021F0FF01CDF80C80C4F840214A4602902E
:1059D80020464FF4487401960094FFF7F5FD0DB08A
:1059E800BDE8F08FDFF830C04FF08042D7E700BF46
:1059F800AE878F02002F3A00D34D62100000FFFFE0
:105A0800666666005917B7D10F279F249A99060032
:105A1800517BC6371F85EB51041100E12DE9F04F8A
:105A2800C1F3C30621258BB09A46F54000230446EE
:105A3800934615F001058DF80E308DF80F308DF86E
:105A480010308DF81130ADF8123009934ED1F31F94
:105A5800DBB2082B40F2CD800122FF21204600F066
:105A6800EDF900284AD0BDF812904FEA4929C4F848
:105A780048914FF0000800274FF00009159B1B784C
:105A880013B90023149A53810DF10F020121204606
:105A9800FDF7B2FD38BB08F001089DF80E30002B69
:105AA80008BF48F00108042E84F82E8000F0B78063
:105AB8009DF80F30B3FA83F35B0907F0010784F808
:105AC8002F309DF8103009F00109002B08BF47F06E
:105AD80001079DF81130002B08BF49F0010984F82F
:105AE800307084F831900BB0BDE8F08F0122FF21AF
:105AF8002046012500F0A2F90028B4D10DF11202C8
:105B0800B621204600F0E8F9BDF8129002464FEAA7
:105B180049290028ABD1FF21204600F08FF9C4F8AD
:105B280048910028A5D101460DF10E022046FDF747
:105B380063FD9DF80E800190B8F1000F1DD000287C
:105B480097D109AB05AA14992046FFF7E7FD00286D
:105B580040F08480099B2046149A0199538106AA33
:105B6800FDF786FD069B0190002B7AD0059A93429B
:105B78002CBF4FF000084FF00108019B002B7FF469
:105B88007AAF04AA02212046FDF736FD9DF8107071
:105B9800034677B100286AD107AA02212046FDF7FB
:105BA80067FD079F0346002F18BF4F4534BF0127E5
:105BB8000027002B7FF460AF0DF11102032120466E
:105BC8000193FDF719FD9DF811900246019BB9F16B
:105BD800000F11D1002A7FF451AF012D3CD0731E64
:105BE800092B2BD8DFE803F02222222A2A282A268A
:105BF8002826214AD55C2FE700283AD1BAF1000FB0
:105C08000FD108AA03212046FDF732FD089B024662
:105C1800534594BF4FF000094FF00109DAE701231B
:105C28004BE74FEA0B29B9FBFAFAEAE70523159A7D
:105C3800137029E70323FAE70423F8E7012FF9D0C3
:105C4800042E10D019F001030DD1B8F1010F0CD0BA
:105C5800159A4746137014E7FF23E8E7DDF8048038
:105C680009E7984689E70223E1E74346DFE7019F12
:105C780002E7994602E700BF8002002070B50C4693
:105C880082B002210546FEF7FDFD78BB95F8F1309C
:105C980073B395F8F26005F1F30104F1400002F0E6
:105CA80077FC3EB3222E01D8202E34D1262E27D8B9
:105CB8001C4B07CB20606160A2601B4B04F16002A3
:105CC80003CB206228466162C02100F0F7F868B96A
:105CD8000DF10702C221284600F0F0F89DF80730C0
:105CE80001221B0984F8612084F8623002B070BD7B
:105CF80084F840300D4B07CB20606160A260DCE780
:105D08000B4E0FCE2060A260306832796160E3608C
:105D180020612275D1E7074B07CB20606160A26044
:105D2800CBE700BF20040020440400200804002022
:105D38002C040020140400200B4610B405283CD87D
:105D4800DFE800F00E17232C39031F4C07CC2488FA
:105D5800186059609A609C8100205DF8044B704778
:105D68001A4C07CC1860002059609A605DF8044B03
:105D78007047174A03CA14889278186000201C815B
:105D880059609A725DF8044B7047124C07CC186042
:105D9800002059609A605DF8044B70470E4C07CCA0
:105DA8001860208859609881A0789A6098730020BC
:105DB8005DF8044B7047094ADCE7094A03CA1288B0
:105DC800186059601A81C7E78C0400204C04002031
:105DD800580400206404002070040020800400207F
:105DE800A002002030B5D0F8605183B03F2B009559
:105DF80090F85C0194BF00246FF0030400F098F859
:105E080000280CBF20466FF0130003B030BD00BF60
:105E180030B5D0F8605183B03F2B009590F85C0105
:105E280094BF00246FF0030400F0A2F800280CBF10
:105E380020466FF0130003B030BD00BF08B5D0F89E
:105E4800603190F85C0100F0D7F8002814BF6FF0BB
:105E58001300002008BD00BF08B5D0F8603190F8E5
:105E68005C0100F0E3F8002814BF6FF01300002075
:105E780008BD00BF2DE9F04182B090F85C8105466D
:105E880016461C460DF10702D0F8603140460F4611
:105E980000F0ECF878B99DF807203946D5F860315C
:105EA8004046324022438DF8072000F0A5F810B98B
:105EB80002B0BDE8F0816FF01300F9E708B5D0F83B
:105EC800603190F85C0100F0D1F8002814BF6FF041
:105ED8001300002008BD00BF08B5D0F8603190F865
:105EE8005C0100F0FBF8002814BF6FF013000020DD
:105EF80008BD00BF08B5D0F8603190F85C0100F02B
:105F080037F9002814BF6FF01300002008BD00BF48
:105F180082B000230193019BF92B06D800BF019B97
:105F280001330193019BF92BF8D9002002B0704787
:105F380070B5049D1E4601234000144685F8303193
:105F480085F82F312B6885F8A50028461B689847E7
:105F580046B126442B68284614F8011B1B6898474D
:105F6800B442F7D101212846FCF7FEFD002070BDA0
:105F78002DE9F041069C4FF001081E46154623689E
:105F880000FA08F2074684F8308184F8A5202046F4
:105F980084F82F811B68984741462046FCF7E4FDAA
:105FA80043463946F2B22046FCF75EFEEEB12E4477
:105FB800104F0FE094F8A21094F8A3308B4201F12F
:105FC8000103214414D984F8A230887E05F8010B16
:105FD800AE420AD022685269BA42EBD020469047B6
:105FE800C0B205F8010BAE42F4D10020BDE8F08143
:105FF800FF20EBE77D07000070B501251C4616461B
:10600800A84083F8305183F82F5183F8A500204623
:106018001B681B6898472368314620461B689847C9
:1060280029462046FCF7A0FD002070BD70B501266A
:106038001C461546B04083F8306183F82F6183F819
:10604800A50020461B681B6898472368290A204634
:106058001B6898472368E9B220461B689847314671
:106068002046FCF781FD002070BD00BFF8B51C4636
:1060780043000126054684F8A530204623681746C4
:1060880084F8306184F82F611B68984731462046B0
:10609800FCF76AFD3346324629462046FCF7E4FD04
:1060A80023680D4A5B6993420DD194F8A23094F8A5
:1060B800A3209A420DD95A1C234484F8A220987E22
:1060C80038700020F8BD20469847C0B238700020CC
:1060D800F8BDFF20F4E700BF7D0700002DE9F0417F
:1060E8001C464300012682B084F8A5300546236883
:1060F800204684F83061904684F82F611B689847E1
:1061080031462046194FFCF72FFD33462946022217
:10611800204601AD0DF10606FCF7A6FD0FE094F848
:10612800A23094F8A3209A4203F1010223441AD919
:1061380084F8A220987E05F8010BB5420AD023689E
:106148005B69BB42EBD020469847C0B205F8010B0B
:10615800B542F4D1BDF8043000205BBAA8F800308D
:1061680002B0BDE8F081FF20E5E700BF7D07000031
:10617800F0B51C464300012683B084F8A5300546D7
:106188002368204684F83061174684F82F611B681D
:10619800984731462046FCF7E7FC04223346294657
:1061A80020460DEB0205144EFCF75EFD10E094F856
:1061B800A23094F8A3209A4203F10102234419D98A
:1061C80084F8A220987E02AB05F8010B9D420BD003
:1061D80023685B69B342EAD02046984702ABC0B255
:1061E80005F8010B9D42F3D1019B00201BBA3B60CF
:1061F80003B0F0BDFF20E6E77D07000010B50446B8
:1062080000F0ECF8204610BDF8B5174E0D460446D0
:10621800090106EB0510013306EB021C7158C06832
:10622800B3F5FA7FA0604FEA0210DCF80C70C4E9FD
:106238000371305801F1040100F10800A1616061A7
:106248000ED8C3EBC30103EBC1031046E361002181
:1062580000F058FC2846012100F054FC2046F8BD07
:1062680046F68D73F1E700BF9C070020F8B5044699
:1062780080692A4D0368A26821691343284F036087
:106288000B68A26823EA02030B60264B6E683A6823
:10629800A3FB0232920C92006B689B1B9A42FBD8BC
:1062A8000B68A26813430B601E4B6E683A681B4D5F
:1062B800A3FB0232920C02EB820252006B689B1B1A
:1062C8009A42FBD80B68A26823EA020362690B6052
:1062D8000368A16823EA010303601268E3681A42AD
:1062E80001D00020F8BD00F0B9FBE26941F2A863D3
:1062F80013441844206204E000F0B0FB236A98427B
:10630800EFD86269E36812681A42F5D000F0A6FB7C
:10631800E3690246012013442362F8BD001000E03F
:10632800F00D002083DE1B4310B5044631B1013166
:10633800B1F5FA7F1BD946F68D71E1612046FFF76A
:1063480095FF28B911E000F089FB236A98420CD820
:106358006269E36812681A42F5D100F07FFBD4E95C
:106368000732013B9B1A184410BD002010BDC1EB39
:10637800C10301EBC301E0E708B5FFF7D5FF044B04
:10638800A3FB0023C01A03EB5000400908BD00BF5F
:10639800DD47701F024A0349034802F06DB800BF89
:1063A80094130020FD3F0000B4150020704700BF83
:1063B800704700BF704700BF704700BF38B5064C34
:1063C800A4F1600554F8083C2046183CDB6898475F
:1063D800AC42F7D138BD00BF101B0020F8B50368E8
:1063E80043B3154C0746154E1C44241104EB4405D1
:1063F800ED00735905F10800DB6830449847104BED
:106408000021012273513B689960DA60FF230D4A2D
:106418001355137850789478834228BF0346D07870
:10642800094AA34228BF2346834228BF034682F86D
:106438007A303960F8BD00BF00BFF7BFC01A00202E
:10644800400700208C13002000E400E010B4064B45
:106458000020064C064A1C609C611C639C6405492C
:106468005DF8044B02F008B8C01A0020400700206D
:1064780094130020BD410000084601F097BD00BFFD
:10648800012A70B508BF0A228AB091B34FF0210ED5
:1064980001E05FFA86FE0EF1FF36B1FBF2F502FB72
:1064A80015145FFA84FC092C0CF137040CF1300C3C
:1064B80098BF5FFA8CF40EF1280C88BFE4B29142C1
:1064C800EC4429460CF8244CE3D24BB10EF1FF3EC4
:1064D8002D225FFA8EFE0EF128036B4403F8242C5C
:1064E800036801A9CEF122025B68714498470AB09B
:1064F80070BD30224FF0210E8DF82520E5E700BF52
:10650800002903DB00230A22FFF7BABF49422D23E3
:106518000A22FFF7B5BF00BF00B5036883B040F695
:106528000D2C022201A95B68ADF804C0984703B09E
:106538005DF804FB5AB90368C9B2074A1B6893425D
:1065480000B506D108465DF804EB01F02FBDFFF752
:1065580097BF5DF804EB184779420000000000007F
:10656800B4EE400B70B5F1EE10FA05462DED028B36
:1065780086B07CD6B0EEC07B9FED476BB4EE467B11
:10658800F1EE10FA6BDC9FED467BB4EEC70BF1EE33
:1065980010FA5ADC9FED447BB4EEC70BF1EE10FA0B
:1065A80053D4B5EEC00B0C46F1EE10FA5BD40023C1
:1065B800B6EE007B002C5ED04FF0000C9FED3C6BDC
:1065C8000CF1010C27EE067B5FFA8CF2A242F7D39E
:1065D80030EE070B0A222846FCEEC07BB8EE678B2C
:1065E80017EE901A30EE488BFFF74AFF0F2C4FF04A
:1065F8002E03B2EE046B064628BF0F248DF8083030
:106608000DF1090302AA611E53FA81F128EE060B67
:10661800FCEEC07BCDED017A9DF8043007EE903A90
:106628003033B8EEE78B02F8013F914230EE488BE9
:10663800ECD12B68013402A928465B68E2B298477E
:10664800304606B0BDEC028B70BD2B6803221A4998
:106658005B6806B0BDEC028BBDE870401847036864
:1066680003221649F4E7B1EE400B0123A0E70368C3
:1066780003221349ECE730EE070B0A222846FCEE0A
:10668800C07B17EE901A06B0BDEC028BBDE87040D7
:10669800FFF7F6BEAFF30080FFFFFFFFFFFFEF7FBE
:1066A800000000E0FFFFEF41000000E0FFFFEFC146
:1066B8009A9999999999B93F3C0700203807002081
:1066C80034070020A249A34B88422DE9F047A24C89
:1066D8005E699A69D4F80C801BD9A04B984240F2A5
:1066E8000281C31A9E491B0AA1FB031340F22761CA
:1066F800DB0903EB830303EB830303F2E2438B42DF
:1067080028BF0B46A3F54877964BA3FB0737FF082E
:1067180004E0954FB8428CBF0E2706278D4908F034
:106728001F09D1F88030B94543F0C003C1F8803063
:106738000CD228F01F08A1F5F82148EA0708C1F88B
:106748000C800B68002BFCDA08F01F0916F00073A8
:1067580024D186490C698649A14300F0EA8082F475
:10676800805134464FF4805514F0605F04D026F011
:1067780060561E43774B5E6111F4405F07D022F4E8
:10678800405274492A438A618B6C1A07FCD446F03C
:106798000076704A5661936C9B06FCD4754CA042F7
:1067A80000F2CE804FF0010C0146634603FB011254
:1067B80003F1010E0CF10105A24218D8BEF1080F31
:1067C8004FF0010340F08D80BCF1040F00F291807E
:1067D8000A18A24200F2A48005FB00F1AC4603F1BE
:1067E800010E03FB01120CF10105A242E6D90CF1DE
:1067F800FF318C0286EA81215F4810445F4A90424B
:106808007FD9DFF8A4A16C225D48584DB0FBFEF09B
:10681800D5F800E0B0FBFCF0DFF890C10EEA0C0CF4
:10682800D44509D042F400524FF4805CC5F800C04A
:106838002A602A68002AFCDA464A156905F0070525
:106848009D4203D01361936CDD03FCD411F4E05F27
:1068580009D026F4E05604F4E0543E4A2643566133
:10686800936C9907FCD44749474A014491423CD864
:10687800464BC909A3FB0131090B4B1E1B0286EAD3
:10688800030212F4407F06D026F4407603F44073E6
:10689800304A334353612F4A536923F000735361DD
:1068A800936C9B06FCD43A4B4F45A3FB00234FF057
:1068B800FF324FEA9343B0FBF1F1B2FBF3F3354AF1
:1068C8001060354A1160354A136008D228F01F0855
:1068D800214A48EA0707D7601368002BFCDABDE8AD
:1068E800F087734662E7122718E74FF440730421D4
:1068F800C5E70CF1FF31204807238C02104486EAD3
:106908008121274ADFF8A8A0A2FB0020020D254814
:10691800362A38BF362202FB00F042EA0A0A74E738
:106928004FEA8C24002386EA8C214FF0010EAC46F6
:1069380062E71D4686F0C05411464FF0C05313E776
:1069480000244FF0010C024631462346E64653E741
:1069580000A4781F00C00F40000008400046C32371
:1069680023B24C001F85EB5100366E0100800D40AC
:1069780040300080FFB19F26808D5B00FF7EF64D82
:1069880000643F4D7FD1F0087F17B42C9F10E500BD
:1069980083DE1B43F00D0020EC0D0020F8220020C0
:1069A800819F5E16001BB7006C2000807F3001803D
:1069B8000020008000B970472DE9F84F0121814679
:1069C800214C224D224E54E8003F2A68306844E8A2
:1069D8000013002BF7D11F494B684FF47A7BDFF87F
:1069E80078A01B1A01270BFB02F8DAF80020A3FB9A
:1069F80002325A4594BF9044D84454E8003F2A686C
:106A0800306844E80073002BF7D14B68DAF800C00F
:106A18001B1A0BFB02F2A3FB0C3CBCF57A7F94BF5C
:106A2800624402F57A72A2EB0802B2F57A7F06D3C5
:106A3800B9F1010908F57A78DFD1BDE8F88F01F0DE
:106A480049FB0449D9E700BF0423002000230020A4
:106A5800FC220020001000E0F822002030B40F4B88
:106A68004FF0010C0E4D0F4C53E8002F2868216899
:106A780043E800C2002AF7D10B4B5B680B4A5B1A4C
:106A88004FF47A71126801FB00F0A3FB023230BCAC
:106A98008A4294BF80184018704700BF0423002022
:106AA80000230020FC220020001000E0F822002033
:106AB800362816D80201104B03EB00109B5810B46F
:106AC800C2685C68144205D061B95DF8044BC3F82C
:106AD80088207047836851B1084A5DF8044B1A60F2
:106AE800704770475DF8044BC3F884207047044A28
:106AF8005DF8044B1A6070479C07002038F00100CD
:106B080038300100362829D8164B0201012903EB39
:106B180000109A5810B45368C4680ED004290CD0D9
:106B280023EA040353608368A9B1022917D0032913
:106B38000CBF0D4A0D4A1A6007E023430129536030
:106B4800836808D040F638021A60436815225DF859
:106B5800044B1A60704738221A60F6E77047044AF7
:106B68001A60F2E79C070020383001003800010065
:106B780038F00100704700BF362858D80001F0B43B
:106B8800344C354D2358AB4256D049D8B3F1844FD5
:106B98004BD0A5F58045AB4240D1304D2044304E16
:106BA800304CC4F8B462D0E901C4C0684FF0E026A4
:106BB8004FF00057042AC6F810712FD85E6926EAEC
:106BC80000065E614FF00506CCF80060266846F4C2
:106BD800803626605C6824EA00045C60224C54F825
:106BE800224090FAA0F2B2FA82F245F822106FEA37
:106BF80000011DD0DD690F2A01EA0501D9611DDCFC
:106C080052000325D968944005FA02F221EA0202EB
:106C18002243DA6098615A6902435A61F0BC7047AE
:106C2800124DAB42FAD1124DB8E7124DB6E7704794
:106C3800DA690243DA61EDE70F4DAFE7103A032551
:106C480019695200944005FA02F221EA020222432D
:106C58001A61DFE79C0700200080004234140020FE
:106C680021000000001800208C02002000C0004213
:106C780034150020B4130020B414002008B5FBF725
:106C880027FEFBF7F1FC01F025FAFAE7844641EA12
:106C9800000313F003036DD1403A41D351F8043B8C
:106CA80040F8043B51F8043B40F8043B51F8043BDE
:106CB80040F8043B51F8043B40F8043B51F8043BCE
:106CC80040F8043B51F8043B40F8043B51F8043BBE
:106CD80040F8043B51F8043B40F8043B51F8043BAE
:106CE80040F8043B51F8043B40F8043B51F8043B9E
:106CF80040F8043B51F8043B40F8043B51F8043B8E
:106D080040F8043B51F8043B40F8043B51F8043B7D
:106D180040F8043B51F8043B40F8043B403ABDD2EC
:106D2800303211D351F8043B40F8043B51F8043B8E
:106D380040F8043B51F8043B40F8043B51F8043B4D
:106D480040F8043B103AEDD20C3205D351F8043B1D
:106D580040F8043B043AF9D2043208D0D2071CBFE9
:106D680011F8013B00F8013B01D30B880380604612
:106D7800704700BF082A13D38B078DD010F0030388
:106D88008AD0C3F10403D21ADB071CBF11F8013BF8
:106D980000F8013B80D331F8023B20F8023B7BE747
:106DA800043AD9D3013A11F8013B00F8013BF9D272
:106DB8000B7803704B7843708B788370604670470C
:106DC80001F1FF3C70B56646002400E00134B0FBD9
:106DD800F2F502FB1503092B03F1370E03F130031B
:106DE8005FFA8EFE98BF5FFA83FE9042284606F847
:106DF80001EFEBD2631C0022C818CA547CB162466A
:106E08001CF8015F10F8016DA1EB0C0302328CF83D
:106E18000060013B521A057023449A42EFDB084692
:106E280070BD00BF72B6EFF30583524CC4F88430CE
:106E38001EF0040F0CBFEFF30882EFF309824FF046
:106E4800E0234D4E4D4DD3F8280DD3F82C1DC4E941
:106E58002201D3F8341DD3F8383DC4E924139369CB
:106E6800C4F89830D369C4F89C3000F0A3F884EDD6
:106E7800280A01F087FA0B214FF0FF32C4F8A4006A
:106E88000B46C4F880103E49301D5A40202402F0B9
:106E98000103013C01FB03F383EA5202F7D1A84244
:106EA80002D073680646EFE7324BC3F8A820BFF359
:106EB8004F8F4FF0E0233049324AC3F8701FC3F8B0
:106EC800702FBFF34F8FBFF36F8F2F4A02252F48C4
:106ED800D36E2F4943F44053D3660560D3692D48D8
:106EE80023F07F0343F04003D3610B6883423DD80E
:106EF800264D00214FF0E0234FF0FF322960012694
:106F0800C5F808112449C5F80011C5F80861C3F887
:106F18008021C3F88421C3F88821C3F88C21C3F8E1
:106F2800902101E000F038F9D5F80C31002BF9D0A8
:106F38000134C5F80C614F2CF4D9184B02201849BC
:106F48004FF00042C1F840015A63D5F80C313BB903
:106F5800144815490D4A0163D2F80C31002BFAD0B8
:106F68004FF0E023114AC3F80C2DFEE7FFF7AAFB08
:106F7800BEE700BF00FF272080FF2720A8FF2720AB
:106F88002083B8EDA0FF272000C00F400040084034
:106F9800F00D0020803DCD0B009F240000900D4097
:106FA80000002E4000800F40F100AD0B0400FA05F0
:106FB800FFF738BF124AD2F880305B07FBD5D2F80A
:106FC80080301048C3F30B230F4990ED007A07EE89
:106FD800903A91ED006AB8EE477A0C4AF8EEE77AF3
:106FE8000B4BD2ED006A77EEC77A93ED007AB8EED4
:106FF800477A67EE867A87EEA60A37EE400A704728
:1070080000810D40E8220020F0220020F422002018
:10701800EC220020836BF0B41BB1536843F40043A7
:10702800536072B6446B3CB31A4B2260D3F8B0413C
:107038000C421DD1184E776804E07468E41BB4F55F
:10704800166F0BD2D3F8404144F48044C3F8404152
:10705800D3F8B851D3F840416404EED50D4007D1B8
:107068000C4CC0E90225D4F8B0310B43C4F8B03158
:10707800426362B6F0BC7047064DC0E90224D5F8F9
:10708800B0310B43C5F8B0310263426362B6F0BC5D
:10709800704700BF00002E40001000E070B5056B7F
:1070A8009DB106462A46002403E012680134012AED
:1070B8000CD0536813F08003F7D032632CB1284604
:1070C800B36B2D689847013CF9D170BDC6E90C3304
:1070D800F4E700BF30B4D9B91F4C204B0021204A37
:1070E80001254FF0011099601D60C4E90231802428
:1070F8005C60C2F8BC01D2F8B0311A482B43C2F820
:10710800B0310160D2F8B031002BFBD130BC7047F0
:107118000904154B104C012541F080019860104A74
:10712800596000F580511D60D96000F50051A364D5
:10713800196100F5405100F58040596100219861BE
:10714800E164D2F8B03143F48033C2F8B031D2F8F8
:10715800B031002BFBD1C0E700000020201B00202D
:1071680000002E4068200020401B00200849012212
:107178000B7802FA00F023EA0000087030B9054ADB
:10718800D2F8483123F08003C2F84831704700BF75
:107198003A23002000002E402DE9F04F974C83B091
:1071A800D4F84471FB07C4F8447153D5D4F8AC2122
:1071B800002A4AD0924EDFF860A2DFF87492DFF816
:1071C80074B2DFF87482C4F8AC21D6E90A20D4F886
:1071D800403143F40053C4F84031D4F840319D04A1
:1071E800F5D5D4F8403123F40053C4F840314FF0BA
:1071F8000113C4F8B431D4F8B45115F00115FAD11B
:1072080093B28446CAF80050B3F5086F00F0CF81F6
:1072180000F2DB8040F202318B4200F0E78100F29D
:107228009A80822B00F0CB81B3F5817F40F08A8071
:1072380010F0780F83B200F003824FF00113C4F806
:10724800C031D4F8AC21002ABDD16C4AD2F8BC3187
:10725800002B42D17E0616D5684BD3F8AC21C3F873
:10726800AC21D3F8BC21C3F8BC21D3F8B041002C21
:10727800FBD14FF0FF32C3F8B421D3F8843100F0CA
:107288002DFD604B1C60FC0103D55F4B1B6803B1EF
:107298009847B80103D55D4B1B6803B19847790738
:1072A80008D5564BD3F8843113F4007347D0584BA4
:1072B80001221A70514BD3F848311A060AD53B06F9
:1072C80008D5544A13782BB1013BDBB21370002B5D
:1072D80000F0728203B0BDE8F08F4F49C2F8BC31AC
:1072E8000868034240F0D181464A14681C40B1D076
:1072F8005FEA144810D0424E4FF0010998FAA8F5F9
:10730800B5FA85F506EBC51009FA05F54030FFF723
:10731800C5FE38EA0508F1D1A4B2002C9AD0384E3F
:107328004FF0010894FAA4F5B5FA85F506EBC510F7
:1073380008FA05F5FFF7B2FEAC43F3D18AE7344A01
:107348001370B7E7802B7FF478AF344802210580AB
:10735800FFF7C0FE75E7B3F5A06F00F00B81A3F54A
:10736800D063012B3FF669AF2D4B5D68002D3FF4CC
:1073780064AF1FFA8CFC4FEA124E04E01D690C330F
:10738800002D3FF45AAF1A887245F7D15A886245E2
:10739800F4D14FEA1E22032A00F0A5811A89000CB5
:1073A800824228BF0246BEF5007F40F0A181184BFB
:1073B8001C4918781C4B0192002818BF19461B4815
:1073C800FFF764FC194D019AE1E142F221218B4259
:1073D8007CD033D942F221318B4200F081804FF6C4
:1073E800C0018B427FF429AF10F47F4F83B27FF442
:1073F80024AF43F46E4363F30F0CB5E700002E404F
:10740800000000206C2000201423002018230020F6
:10741800402300204123002068200020B0220020C3
:10742800500B0020342100609821006000002020CB
:10743800602000205DCFC6B8C0012E40B3F5106FA4
:1074480066D042F221018B427FF4F7AE030C072B82
:107458007FF4F3AEB24BB349F560D960B249B3607B
:10746800C3F80890C1E9002001221A60AF4A5A60A7
:10747800AF4A1A61D4F8B01141F00101C4F8B01153
:1074880002F5805102F5005259619A61D4F8B03181
:10749800002BFBD1A74AF36493600123B264136005
:1074A80048F2800353604FF00113C4F8BC31D4F89C
:1074B800B03143F48033C4F8B0314FF48033CAF8A4
:1074C8000030D4F8B031002BFBD1BAE680B238B91D
:1074D800994BC2F307421968984B1960984B1A7078
:1074E800944B00229A60F2640122B3641A608022ED
:1074F8005A604FF00113C4F8BC31D4F8B03143F4EA
:107508008033C4F8B031D4F8B031002BFBD198E601
:10751800C2F307428B4B1A708B4BC4F8C8318B4BA4
:10752800C4F8CC318A4BC4F8D03100F0D9FB8022A2
:107538002946884800F0ACFF874B8022C6F8A0B0E7
:10754800C6F8E0307B4BF5645A600122B3649D6055
:107558001A604FF00113C4F8BC31D4F8B03143F4C9
:107568008033C4F8B031CAF80050D4F8B031002BD9
:10757800FBD166E66F4B0121F564196080219D609F
:10758800B36459604FF00113C4F8BC31D4F8B0317A
:1075980043F48033C4F8B031D4F8B031002BFBD1B8
:1075A800130C5B0643F08073C4F8543149E6654B0D
:1075B80001216A481B780370FFF78CFD41E683B20E
:1075C80010F078007FF439AE03F07F0258F82210EB
:1075D800624A1080180600F19E80CB0701D501236E
:1075E800137002215D48FFF775FD2AE610F0780F49
:1075F80083B27FF422AE03F07F0213F0800F58F8B5
:10760800223014BF43F4803343F0010348F822309A
:107618000022484BF2649A600122B3641A60802207
:107628005A604FF00113C4F8BC31D4F8B03143F4B8
:107638008033C4F8B031D4F8B031002BFBD100E668
:1076480003F07F0213F0800F58F8223014BF23F4A0
:10765800803323F0010348F822300022354BF264CE
:107668009A600122B3641A6080225A604FF00113B5
:10767800C4F8BC31D4F8B03143F48033C4F8B03125
:10768800D4F8B031002BFBD1DBE500200860264997
:107698000C88486842F221018C427FF425AE80B202
:1076A80000287FF421AE2E492E4C03C9A1808628DC
:1076B8004FEA11412060A1717FF416AE72B62A48D4
:1076C800017841F008010170D2F848110D0605D47F
:1076D80080200143C2F84401C2F8481162B6234A27
:1076E8005021117000E6000C2A78824228BF024619
:1076F800BEF5E06F44D11E4B1E4D18781E491F4B36
:107708000192002818BF19462846FFF7BFFA072339
:107718006B70019A3BE0C9033FF561AF61E700BFB9
:10772800401B002060300020E01C00208000070083
:1077380060400020201B0020002300201023002090
:107748003E2300203F2300200200CC00C800020096
:107758000200C800800000201993D574B0220020D0
:1077680060200020082300203A2300204123002025
:107778004023002000002020982100603421006070
:107788002946104D01922846FFF780FA019A25F004
:107798001F031544BFF34F8F4FF0E021C1F8703F2E
:1077A80020339D42FAD8BFF34F8FBFF36F8F054840
:1077B8001146FFF78FFC44E50320FFF7D7FC01F0E3
:1077C80017F800BF000020202DE9F0471F46831E50
:1077D800022B01D9BDE8F087DFF84C9015460C461E
:1077E8003C2209EBC01806464FEAC01A002108F1EE
:1077F8000400240400F04CFEB5FA85F20123520976
:1078080044EA427449F80A40C8F83870C8F80830A1
:10781800002FDFD0034AB34011680B431360BDE863
:10782800F08700BF6C200020000000202DE9F04701
:107838000D46811E022901D9BDE8F087C701DFF88E
:107848004C909246044640373C2200211E4609EBE4
:1078580007082D0408F1040000F01AFEBAFA8AF2AB
:10786800520945EA427249F807200122C8F83860EF
:10787800C8F80820002EDFD0034B10341968A24046
:107888000A431A60BDE8F0876C2000200000002041
:1078980012048160C36101F5405342F0800210B4C4
:1078A8000124426001F50052046001F5805401F59D
:1078B8008041C46081615DF8044BC0E904237047CE
:1078C800831E0A46022B00D97047064B00F11001AF
:1078D8004FF0010C03EBC0100CFA01F14030FFF738
:1078E80099BB00BF00000020831E0A46022B00D966
:1078F80070470121024B814003EBC010FFF78ABBA0
:107908000000002040687047124A134BD2F820024A
:1079180020F07F40984210B584B002D200EB80007E
:1079280040000E4C01A90A22FFF74AFA01A90023D8
:10793800204611F8012B01333AB10A2B20F8022F07
:10794800F7D11623237004B010BD5B00DBB223709F
:1079580004B010BD00441F4080969800081600200F
:1079680000F0DCBA00F0ACBA00F010BB00F0CABA04
:1079780000F066BB00F03CBB0846114600F02CBB8B
:10798800F8B5144C4FF0E025134E4FF4003204EBD9
:107998004024124F06EB40160346C5F88C212146B9
:1079A8003A883046FFF774FF3B882344BFF34F8F74
:1079B800C5F85C4F2034A342FAD8BFF34F8FBFF30A
:1079C8006F8F03203146FFF78FFF4FF40033C5F860
:1079D8000C31F8BD80002020601B00202C230020E3
:1079E800244B2DE9F0411C884368C569C3F30E4355
:1079F800E41A002C24DD204920480A780078D3B204
:107A08001F4E82421F4807D010F8038036F81870BE
:107A1800C7F50072944218D90133002226F81540A0
:107A2800082B194E88BF134626F8152098BFDAB2DE
:107A3800C554164B0A701A6814441C60BDE8F081DE
:107A48002846BDE8F041FFF79BBF07EB48201049E7
:107A580022462744084401EB4521FFF717F90B4A52
:107A6800284626F8187013682344BDE8F0411360CF
:107A7800FFF786BF2C23002038230020392300205D
:107A8800BC220020DC220020CC220020B8220020CA
:107A9800800020201D4B1A78002A36D102F0FF03FF
:107AA8001B4A12788AB32DE9F0411A4D2A8852B33D
:107AB800194EC2F50068194F3278194C07EB421776
:107AC80004EBC224424638462146FFF7E1FE04EBA8
:107AD8000802BFF34F8F4FF0E023C3F8704F2034F4
:107AE800A242FAD8BFF34F8FBFF36F8F04203946F5
:107AF800FFF7E6FE33780133DBB2032B88BF0023A0
:107B0800337000232B80BDE8F08170473D230020AF
:107B18003F2300202E2300203C230020601C00204F
:107B2800801020202DE9F04F85B0CDE90110002903
:107B380000F0BF800023604CDFF89881DFF898A13F
:107B48005E4F009301235E4A23705E4B1978B8F8A4
:107B5800003002EB4119002B40F0A7801E461D465D
:107B68009B464846FFF7CEFE10F0800000F08C8060
:107B7800BFF34F8F9AF8003084F800B005B93E681B
:107B8800002B7DD13B689B1B782B00F287804E4BE6
:107B98001B78002B74D000F09DFA0122B8F8003051
:107BA80015462270002BDCD0464AC3F500601178D8
:107BB8001A4600EBC120454DC9022844019D954253
:107BC80017D20393DDE901512A46FFF75FF8039BBB
:107BD8004FF040425B1BA8F800303D4BC3F88420AF
:107BE800BFF34F8F009800232844237005B0BDE8E9
:107BF800F08F364BCD180299FFF748F800234FF461
:107C0800006229464846FFF743FEBFF34F8F05F150
:107C1800200205F50063934234BF012340234FF04F
:107C2800E02205EB4313C2F8705F2035AB42FAD16E
:107C3800BFF34F8FBFF36F8F04204946FFF740FE15
:107C4800204A13780133DBB2032B84BF00231D4A7B
:107C58001370B8F80030019AD11A009A1A440191A9
:107C68000092029A1A4400230292194AA8F8003096
:107C7800C2F88430BFF34F8F237000297FF462AFBE
:107C8800009805B0BDE8F08F4FF400620D4B8AF8FC
:107C9800000019781346A8F800208AE70123009805
:107CA8008AF8003005B0BDE8F08F1A46C3F50060C9
:107CB8007FE70198E5E700BF3D230020002300206F
:107CC800601C00203C2300203F230020801020203F
:107CD80000002E402E2300203B230020704700BFC9
:107CE8002D4B002180222D4870B51B7800242C4D87
:107CF8008B422C4E0CBF40234FF400732B803380F3
:107D080000F0C6FB284A2146284B14704FF48072B5
:107D180027481C8000F0BCFB264A1021264B022075
:107D2800C2E90044C2E90244244AC3E90044147089
:107D3800234AC3E90244234B1C702346146022469D
:107D4800FFF774FD2246318803201F4BFFF73CFDE7
:107D58002346012229880420FFF768FD20460134C4
:107D6800FFF70EFE082CF9D1184B00214A221848BB
:107D7800184C0460C3F88410C3F88020D3F8482155
:107D8800154942F08072C3F8482121B1134A13788B
:107D980043F00103137070BD40230020601C0020D5
:107DA800302300202C2300203C2300202E230020F9
:107DB800601B0020BC220020CC2200203823002099
:107DC800B822002039230020E157000000002E408F
:107DD80014230020955800000000000042230020D2
:107DE8002DE9F04F4FF0E0234FF40032DFF8C8A040
:107DF80083B0C3F88C218B469AF8004000294FD0F5
:107E08008046E4B20027DFF8B490264BABEB0702BC
:107E180025491B78A34204F101043FD0092C234BC8
:107E2800404628BF00241E5D39F816C00CEB4623D7
:107E380019441F4B33F81650A5EB0C05AA421CD267
:107E48000CEB462C18491B4C61440192FEF71EFFAF
:107E5800216839F816505846019AA1EB0B012A44BB
:107E6800394429F8162021604FF0E0234FF40032FE
:107E7800C3F80C2103B0BDE8F08F2A462F44FEF763
:107E880005FF0C49E3B230460A68A844521B0A6051
:107E98008AF80030FFF774FDBB45B6D83846E3E7EB
:107EA8000846E1E73823002080002020DC2200205B
:107EB800BC220020B822002039230020CC22002038
:107EC8000B4B0C4A12781978D3B28A420DD0013381
:107ED80009480A4A092B0A4928BF0023C35C31F81C
:107EE800131002EB4323585C70474FF0FF30704784
:107EF8003823002039230020DC22002080002020A5
:107F0800CC220020044B10B51C680CB1204610BDD3
:107F180000F0E0F8204610BDB82200202DE9F84F07
:107F2800144E154D33782A78934221D0DCB2DFF80D
:107F38005090DFF850B0DFF85080104F0134082C13
:107F48005FFA84FA01D90024A24619F80400DBF884
:107F5800003038F8102037F81010521A9B1ACBF856
:107F68000030FFF70DFD86F800A02B78A342E5D17D
:107F7800BDE8F88F3923002038230020CC220020C8
:107F8800DC220020B8220020BC22002000B583B0EB
:107F980001210DF10700FFF723FF20B19DF807002D
:107FA80003B05DF804FB4FF0FF30F9E7094B00B56B
:107FB80083B01B788DF807003BB101210DF1070054
:107FC800FFF7B0FD03B05DF804FB03F0FF0003B05A
:107FD8005DF804FB3F230020044B1B7803F0FF02ED
:107FE8000BB1FFF79FBD1046704700BF3F2300202D
:107FF8002DE9F0410024DFF8448001230D4D274688
:108008000D4E88F80030337828462035A34204F115
:10801800010405D0FFF776FC030658BF07F5006793
:10802800042CF0D1BFF34F8F0023384688F8003076
:10803800BDE8F081601C00203C2300203D23002087
:108048002DE9F8431D4B1B7813B11D4D2A880AB939
:10805800BDE8F8831B4EC2F500691B4933784A46D0
:108068001A4C01EB43181A4F04EBC3240123404672
:108078003B7021460023FFF70BFC04EB0902BFF31A
:108088004F8F4FF0E023C3F8704F2034A242FAD844
:10809800BFF34F8FBFF36F8F04204146FFF710FCEB
:1080A80033780133DBB2032B88BF002333700023FE
:1080B8002B80BFF34F8F3B70BDE8F8833F23002030
:1080C8002E2300203C230020601C0020801020204C
:1080D8003D2300202DE9F8432D4B1E7866B12D4F26
:1080E8003B784BB90123F1073B7043D4B20726D440
:1080F80000233B70730701D4BDE8F883264B1A6848
:10810800002AF9D0EFF30582002AF5D1EFF31085A4
:1081180072B61868002834D0204C2178002930D154
:108128000122227042691A60002A2ED0916105B995
:1081380062B600258368457798472570DCE7DFF845
:10814800648098F80030002BD2D00025DFF85890D2
:108158002B4659F823400135236820461B69984768
:1081680010B163699B68984798F80020EBB29A426F
:10817800EFD8BDE7FFF7C6FE0028B7D0AFF3008001
:10818800B4E7002DB8D162B6B6E7054B1A60CEE762
:108198004223002034230020FC1C0020322300202E
:1081A800081D0020332300200C1D002070B5EFF3BC
:1081B800108272B60C4C206880B10C4E00254369C1
:1081C800236073B19D6102B962B6836845779847A9
:1081D800EFF3108272B620680028F0D102B962B6B7
:1081E80070BD3360EFE700BF041D0020001D0020B4
:1081F800FFF7DCBF0449054A4968054B1960136855
:1082080001331360704700BF001000E00023002016
:10821800FC22002000230F2248F2B82C194610B582
:108228004FF470444FF4806EA0F88C414FF46044D2
:10823800A0F88E210A46A0F89031B0F888319BB298
:1082480043F0F003A0F8883101EB4103013100EB62
:10825800431304299C80A3F806E05A841A865A809E
:108268005A81A3F80EC05A82DA825A83DA83EBD194
:10827800B0F888319BB243F00F03A0F88831B0F80A
:1082880088319BB243F47063A0F8883110BD00BFF9
:10829800374B384A996F384841F47F0170B5996770
:1082A80041F20106D3F8801045F6C05543F2260482
:1082B8000A43C3F88020FFF7ADFF00F58040FFF7C1
:1082C800A9FF00F58040FFF7A5FF00F58040FFF704
:1082D800A1FF0022A0F503104FF00F0E114600EB8E
:1082E80042134FEA421C01329981042A5981A3F8AA
:1082F8000EE09E82DD8020F80C1019829C81EED160
:1083080000221E484FF00F0E41F20106114645F6B5
:10831800C05543F2260400EB42134FEA421C0132D7
:108328009981042A5981A3F80EE09E82DD8020F805
:108338000C1019829C81EED1002211480F2641F2BF
:108348000105114645F6C05443F2260E00EB4213D0
:108358004FEA421C01329981042A5981DE819D82AB
:10836800DC8020F80C101982A3F80CE0EED170BD67
:1083780000C00F40000003FC00C03D4000001E404C
:1083880000401E40074A506A936A19468446506A5C
:10839800936A9942F9D18445F7D1DB0B43EA40400F
:1083A800704700BF00400D4008B5D0E900325BB10E
:1083B800BAB10F4BA3FB0213DB0803EB4303B2EB89
:1083C80083030AD1012008BD094BA3FB0213DB0874
:1083D80003EB4303B2EB830301D0D21A4260F02AC5
:1083E800F0D800F0A7F81C22034600201A6008BD48
:1083F800ABAAAAAA70B5044638B319B1B2FA82F684
:108408007609A2B9206800B36268F2B1184B19491D
:1084180002FB03F3B1EBB30F17D3A368E3B9002250
:10842800012322606260A260E260184670BD1D46AA
:10843800049BC0E90012C360FFF7B6FF034600289B
:10844800F3D06DB90123184670BD00F073F81622F9
:1084580000230260184670BD002100F019F8DEE71D
:10846800626831462068A56000F012F80123DCE755
:10847800ABAAAAAA5555551503460846194600F051
:1084880001B800BF13460A460146022000F066B94B
:10849800830730B548D0541E002A3FD0CAB20346DD
:1084A80001E0013C3AD303F8012B9D07F9D1032CD5
:1084B8002DD9CDB245EA05250F2C45EA054536D913
:1084C800A4F1100222F00F0C03F1200EE6444FEA4B
:1084D800121C03F1100242E9045542E90255103218
:1084E8007245F8D10CF1010214F00C0F03EB0212E3
:1084F80004F00F0C13D0ACF1040323F0030304338E
:10850800134442F8045B9342FBD10CF003042CB1F2
:10851800C9B21C4403F8011B9C42FBD130BD644620
:108528001346002CF4D1F9E703461446BFE71A4670
:10853800A446E0E7014B1868704700BF9813002075
:1085480070B50D4E0D4D761BB61006D0002455F8AB
:10855800043B01349847A642F9D1094E094D761BD0
:1085680000F04AF9B61006D0002455F8043B01344F
:108578009847A642F9D170BD002000600020006035
:108588001020006000200060704700BF704700BFE7
:1085980080EA0102844612F0030F4FD111F0030F55
:1085A80032D14DF8044D11F0040F51F8043B0BD0B3
:1085B800A3F101329A4312F0803F04BF4CF8043B08
:1085C80051F8043B16D100BF51F8044BA3F1013216
:1085D8009A4312F0803FA4F101320BD14CF8043BCE
:1085E800A24312F0803F04BF51F8043B4CF8044BFF
:1085F800EAD023460CF8013B13F0FF0F4FEA332370
:10860800F8D15DF8044B704711F0010F06D011F84E
:10861800012B0CF8012B002A08BF704711F0020F3C
:10862800BFD031F8022B12F0FF0F16BF2CF8022B27
:108638008CF8002012F47F4FB3D1704711F8012B4A
:108648000CF8012B002AF9D1704700BF0000000088
:108658000000000000000000000000000000000012
:108668000000000000000000000000000000000002
:1086780000000000000000000000000000000000F2
:1086880090F800F06DE9024520F007016FF0000C4A
:1086980010F0070491F820F040F049804FF00004F2
:1086A8006FF00700D1E9002391F840F000F10800CD
:1086B80082FA4CF2A4FA8CF283FA4CF3A2FA8CF305
:1086C8004BBBD1E9022382FA4CF200F10800A4FA6C
:1086D8008CF283FA4CF3A2FA8CF3E3B9D1E90423C0
:1086E80082FA4CF200F10800A4FA8CF283FA4CF3F7
:1086F800A2FA8CF37BB9D1E9062301F1200182FAB1
:108708004CF200F10800A4FA8CF283FA4CF3A2FAB6
:108718008CF3002BC6D0002A04BF04301A4612BAC4
:10872800B2FA82F2FDE8024500EBD2007047D1E9C7
:10873800002304F00305C4F100004FEAC50514F056
:10874800040F91F840F00CFA05F562EA05021CBF27
:1087580063EA050362464FF00004A9E72DE9F047F4
:10876800DFF87CA00646DAF8000098460F469146E6
:10877800FFF70AFF184B1C6824B365681F2D24DC1B
:108788005EB96B1C0235DAF80000636044F82570A6
:10879800FFF7FCFE0020BDE8F08704EB850101230C
:1087A800C1F88890D4F88821AB401A43022EC4F847
:1087B8008821C1F80881E4D1D4F88C211A43C4F87F
:1087C8008C21DEE7054C1C60D7E7DAF80000FFF7DC
:1087D800DDFE4FF0FF30DEE7301D0020341D0020A5
:1087E80090130020000000005FF800F08917006077
:1087F8005FF800F0091F00605FF800F0B11F00602B
:04880800F8B500BF00
:08880C0074FCFF7F0100000075
:108814000000000000000000000000000000000054
:108824000000000000000000000000000000000044
:108834000000000000000000000000000000000034
:108844000000000000000000000000000000000024
:108854000000000000000000000000000000000014
:108864000000000000000000000000000000000004
:1088740000000000000000000000000000000000F4
:1088840000000000000000000000000000000000E4
:1088940000000000000000000000000000000000D4
:1088A40000000000000000000000000000000000C4
:1088B40000000000000000000000000000000000B4
:1088C40000000000000000000000000000000000A4
:1088D4000000000000000000000000000000000094
:1088E4000000000000000000000000000000000084
:1088F4000000000000000000000000000000000074
:108904000000000000000000000000000000000063
:108914000000000000000000000000000000000053
:108924000000000000000000000000000000000043
:108934000000000000000000000000000000000033
:108944000000000000000000000000000000000023
:108954000000000000000000000000000000000013
:108964000000000000000000000000000000000003
:1089740000000000000000000000000000000000F3
:1089840000000000000000000000000000000000E3
:1089940000000000000000000000000000000000D3
:1089A40000000000000000000000000000000000C3
:1089B40000000000000000000000000000000000B3
:1089C40000000000000000000000000000000000A3
:1089D4000000000000000000000000000000000093
:1089E4000000000000000000000000000000000083
:1089F4000000000000000000000000000000000073
:108A04000000000000000000000000000000000062
:108A14000000000000000000000000000000000052
:108A24000000000000000000000000000000000042
:108A34000000000000000000000000000000000032
:108A44000000000000000000000000000000000022
:108A54000000000000000000000000000000000012
:108A64000000000000000000000000000000000002
:108A740000000000000000000000000000000000F2
:108A840000000000000000000000000000000000E2
:108A940001000000000101010100000000000000CD
:108AA40001000000030000000200000000000000BC
:108AB4004E6F205570646174650000005643534541
:108AC4004C20436F6E74696E7569747920546573B4
:108AD40074204661696C7572650000005643534505
:108AE4004C205761746368646F6720546573742005
:108AF4004661696C757265004E6F20564856205663
:108B0400616C756520666F756E6400004D53524349
:108B1400204E6F20546172676574204572726F72C3
:108B240000000000534E5220436865636B20457873
:108B34006974000052616E67652050686173652036
:108B4400436865636B204572726F72005369676D89
:108B540061205468726573686F6C64204368656350
:108B64006B204572726F7200544343204572726FDA
:108B740072000000506861736520436F6E736973FF
:108B840074656E6379204572726F72004D696E2050
:108B9400436C6970204572726F72000052616E6797
:108BA4006520436F6D706C657465000052616E677B
:108BB4006520416C676F20556E646572666C6F77D3
:108BC400204572726F72000052616E676520416CBD
:108BD400676F204F766572666C6F77204572726F8F
:108BE4007200000052616E67652049676E6F72659E
:108BF400205468726573686F6C64204572726F727A
:108C040000000000556E6B6E6F776E204572726FB8
:108C14007220436F64650000564C35334C30582045
:108C240054533000564C35334C3058205453310093
:108C3400564C35334C30582054533200564C35334F
:108C44004C305820455331206F72206C617465722A
:108C540000000000564C35334C30580052616E67AA
:108C6400652056616C6964005369676D61204661D3
:108C7400696C00005369676E616C204661696C0021
:108C84004D696E2052616E6765204661696C000013
:108C94005068617365204661696C000048617264C4
:108CA40077617265204661696C00000041727261EF
:108CB4007920636F6E74656E74733A00456C656DEC
:108CC400656E7420000000003A204F7574206F66B2
:108CD4002072616E6765000020636D004D756C74D1
:108CE40069706C6578657220646574656374656425
:108CF4002E0000004661696C656420746F20626F09
:108D04006F7420564C35334C30582073656E736F36
:108D1400722000002E20566C35334C305820736579
:108D24006E736F7220757020616E642072756E6E42
:108D3400696E6700416C6C20564C35334C305820BA
:108D440073656E736F727320696E697469616C699F
:108D54007A656420616E642072756E6E696E672E2A
:108D64002E2E00004D756C7469706C6578657220E8
:108D74006E6F742064657465637465642E20436843
:108D840065636B20636F6E6E656374696F6E7320C9
:108D9400616E6420616464726573732E0000000068
:108DA4002020564C35334C30585F53454E53455F65
:108DB4004C4F4E475F52414E4745000052616E672B
:108DC40065205374617475733A200000203A2000C2
:108DD40073564C35334C30583A20506572666F7276
:108DE4006D53696E676C6552616E67696E674D6538
:108DF40061737572656D656E7400000052414E4773
:108E0400452049474E4F5245205448524553484FF8
:108E14004C443A20000000004D656173757265642E
:108E24002064697374616E63653A2000564C35336F
:108E34004C305820496E666F3A00000044657669EC
:108E44006365204E616D653A200000002C20547942
:108E540070653A20000000002C2049443A200000AC
:108E6400526576204D616A6F723A20002C204D695C
:108E74006E6F723A200000004572726F722065783E
:108E84007065637465642063757420312E312062CB
:108E9400757420666F756E6420000000564C35337F
:108EA4004C30583A20537461746963496E69740094
:108EB400564C35334C30583A20506572666F726D9B
:108EC400526566537061644D616E6167656D656E70
:108ED4007400000072656653706164436F756E744C
:108EE400203D20002C206973417065727475726591
:108EF4005370616473203D2000000000564C3533EC
:108F04004C30583A20506572666F726D52656643F4
:108F1400616C6962726174696F6E0000564C35331E
:108F24004C30583A205365744465766963654D6FD7
:108F340064650000564C35334C3058204572726FCE
:108F4400723A20006E616E00696E66006F7666008C
:108F5400AD410000B1410000B5410000B94100003D
:108F64000000000000000000794200007957000072
:108F740075570000715700006D57000069570000D5
:108F84006557000061570000000000000000000069
:108F9400B9070000E50700006D070000B5070000F1
:108FA400710700007D0700009D07000000000042DB
:108FB400C8801F40B8821F40080000000000004223
:108FC400C4801F40B4821F400400000000C000425F
:108FD40024801F4014821F401000000000C0004283
:108FE40028801F4018821F402000000000C000425B
:108FF4002C801F401C821F404000000000C0004223
:1090040034801F4024821F400001000000400042C1
:1090140064811F4054831F4000040000004000424C
:1090240080811F4070831F40000002000040004206
:109034007C811F406C831F400000010000400042FF
:1090440068811F4058831F40000800000040004210
:109054003C811F402C831F4001000000004000425F
:1090640044811F4034831F4004000000004000423C
:1090740040811F4030831F40020000000040004236
:1090840048811F4038831F40080000000000004250
:1090940004811F40F4821F400000040000000042CD
:1090A40008811F40F8821F400000080000000042B1
:1090B40018811F4008831F40000080000000004208
:1090C40014811F4004831F40000040000000004240
:1090D40000811F40F0821F40000002000000004297
:1090E400FC801F40EC821F40000001000000004291
:1090F40024811F4014831F4000000004000000422C
:1091040028811F4018831F4000000008000000420F
:109114001C811F400C831F4000000001000000421E
:1091240020811F4010831F40000000020000004205
:10913400EC801F40DC821F40001000000000004251
:10914400F0801F40E0821F40002000000000004229
:1091540034811F4024831F4000000040000000426F
:1091640038811F4028831F40000000800080004297
:1091740094801F4084821F400000040000C000420D
:1091840090801F4080821F400000008000800042C9
:10919400A8801F4098821F40000080000080004289
:1091A400A4801F4094821F40000040000040004201
:1091B4006C811F405C831F400010000000C000420F
:1091C40030801F4020821F40800000000040004289
:1091D400B0811F40A0831F400000002000400042D7
:1091E400AC811F409C831F400000001000400042DF
:1091F40084811F4074831F4000000400004000422B
:1092040088811F4078831F4000000800000000424E
:109214002C811F401C831F400000001000000042EE
:1092240030811F4020831F400000002000000042C6
:109234000C811F40FC821F4000001000000000420F
:1092440010811F4000831F40000020000080004266
:10925400C8811F40B8831F40008000000080004286
:10926400C4811F40B4831F400040000000800042BE
:10927400C0811F40B0831F400020000000800042D6
:10928400BC811F40AC831F400010000000800042DE
:10929400D0811F40C0831F400000020000800042B4
:1092A400CC811F40BC831F400000010000C000426D
:1092B40074801F4064821F400000000100C000420F
:1092C40080801F4070821F400000000800C00042E0
:1092D40084801F4074821F400000001000C00042C0
:1092E4006C801F405C821F400000400000C00042B0
:1092F4007C801F406C821F400000000400C00042BC
:1093040078801F4068821F400000000200C00042B5
:1093140088801F4078821F400000002046726F6ED4
:1093240074204C656674000046726F6E7420526936
:10933400676874004261636B204C656674000000CA
:109344004261636B205269676874000053746172F0
:1093540074206F662070726F6772616D0000000088
:1093640000010000A013002012000000000600000D
:10937400FC2100600A000000000200009821006047
:109384006200000000070000342100606200000059
:10939400EE030000E415002012000000000004EEBB
:1093A400BC150020280000000003000030210060EC
:1093B40000000000010309041821006000000000FF
:1093C40002030904002100600000000003030904F3
:1093D400081600200000000000000000000000004B
:1093E400000000000000000000000000C81E002073
:1093F400301F0020981F0020000000000000000023
:109404000000000000000000000000000000000058
:109414000000000000000000000000000000000048
:109424000000000000000000000000000000000038
:109434000000000000000000000000000000000028
:109444000000000000000000000000000000000018
:109454000000000000000000000000000000000008
:1094640000000000000000000000000000000000F8
:1094740000000000000000000000000000000000E8
:1094840001000000000000000E33CDAB34126DE685
:10949400ECDE05000B0000000000000000000000EE
:1094A40000000000000000000000000000000000B8
:1094B40000000000000000000000000000000000A8
:1094C4000000000000000000000000000000000098
:1094D4000000000000000000000000000000000088
:1094E4000000000000000000000000000000000078
:1094F4000000000000000000000000000000000068
:10950400000000000000000001FF0101000001FF55
:10951400000109000110000111000124010125FFCF
:1095240001750001FF01014E2C01480001302001AA
:10953400FF000130090154000131040132030140EC
:1095440083014625016000012700015006015100F6
:109554000152960156080157300161000162000171
:1095640064000165000166A001FF01012232014788
:10957400140149FF014A0001FF00017A0A017B003E
:1095840001782101FF010123340142000144FF015C
:109594004526014605014040010E0601201A0143FB
:1095A4004001FF0001340301354401FF010131048E
:1095B400014B09014C05014D0401FF000144000168
:1095C4004520014708014828016700017004017122
:1095D400010172FE01760001770001FF01010D0116
:1095E40001FF000180010101F801FF01018E010169
:1095F400000101FF00018000000000000029DE07D7
:10960400007B9A1701FF0001800101FF01010000A6
:1096140001FF01014F0201FF0E010003010184015A
:10962400020A0103030104080105C8010603010736
:109634008D0108080109C6010A01010B02010C0091
:10964400010DD5010E18010F120110010111820143
:1096540012000113D5011418011513011603011783
:109664008601180A011909011A08011BC2011C0309
:10967400011D8F011E0A011F0601200101210201A3
:1096840022000123D50124180125220126010127E6
:10969400820128000129D5012A18012B0B012C284D
:1096A400012D78012E28012F9101300001310B0189
:1096B400320001330B0134000135A10136000137BA
:1096C400A0013800013904013A28013B30013C0C67
:1096D400013D04013E0F013F7901402801411E0173
:1096E400422F01438701440001450B014600014715
:1096F4000B0148000149A7014A00014BA6014C0097
:10970400014D04014E01014F00015000015180013F
:10971400520901530801540101550001560F015724
:1097240079015809015905015A00015B60015C0582
:10973400015DD1015E0C015F3C0160000161D0015B
:10974400620B01630301642801651001662A016745
:109754003901680B016902016A28016B10016C2A46
:10976400016D61016E0C016F0001700F01717901CF
:10977400720001730B01740001750B01760001770F
:10978400A10178000179A0017A00017B0401FF04A2
:1097940001791D017B2701960E0197FE01980301B3
:1097A40099EF019A02019B4401730701700101FFC3
:1097B4000101000101FF0000000000005807002023
:1097C40000000000E8030000000000000000C8439F
:1097D4000000C8430000C8430000C84380070020BD
:1097E40000000000E80300000000000000003F400B
:1097F400B020006000000000000000000000000035
:109804000000000000000000000000000000000054
:109814000000000000000000000000000000000044
:109824000000000000000000000000000000000034
:109834000000000000000000000000000000000024
:109844000000000000000000000000000000000014
:109854000000000000000000000000000000000004
:1098640000000000000000000000000000000000F4
:1098740000000000000000000000000000000000E4
:1098840000000000000000000000000000000000D4
:1098940000000000000000000000000000000000C4
:1098A40000000000000000000000000000000000B4
:1098B40000000000000000000000000000000000A4
:1098C4000000000000000000000000000000000094
:1098D4000000000000000000000000000000000084
:1098E4000000000000000000000000000000000074
:1098F4000000000000000000000000000000000064
:109904000000000000000000000000000000000053
:10991400000000000000000000000000800700209C
:1099240000000000E80300000000000000803F4049
:109934006020006000000000000000000000000043
:109944000000000000000000000000000000000013
:109954000000000000000000000000000000000003
:1099640000000000000000000000000000000000F3
:1099740000000000000000000000000000000000E3
:1099840000000000000000000000000000000000D3
:1099940000000000000000000000000000000000C3
:1099A40000000000000000000000000000000000B3
:1099B40000000000000000000000000000000000A3
:1099C4000000000000000000000000000000000093
:1099D4000000000000000000000000000000000083
:1099E4000000000000000000000000000000000073
:1099F4000000000000000000000000000000000063
:109A04000000000000000000000000000000000052
:109A14000000000000000000000000000000000042
:109A24000000000000000000000000000000000032
:109A34000000000000000000000000000000000022
:109A44000000000000000000000000000000000012
:109A5400000000000000000000000000800700205B
:109A640000000000E80300000000000000C03F40C8
:109A74001020006000000000000000000000000052
:109A840000000000000000000000000000000000D2
:109A940000000000000000000000000000000000C2
:109AA40000000000000000000000000000000000B2
:109AB40000000000000000000000000000000000A2
:109AC4000000000000000000000000000000000092
:109AD4000000000000000000000000000000000082
:109AE4000000000000000000000000000000000072
:109AF4000000000000000000000000000000000062
:109B04000000000000000000000000000000000051
:109B14000000000000000000000000000000000041
:109B24000000000000000000000000000000000031
:109B34000000000000000000000000000000000021
:109B44000000000000000000000000000000000011
:109B54000000000000000000000000000000000001
:109B640000000000000000000000000000000000F1
:109B740000000000000000000000000000000000E1
:109B840000000000000000000000000000000000D1
:109B9400000000000000000000000000FFFFFFFFC5
:109BA400C41E002000000000D80B002001000000AB
:109BB40012010002EF020140C01683048002010278
:109BC4000301000075490000754900007549000053
:109BD4007549000075490000754900007549000089
:109BE4007549000075490000754900007549000079
:109BF4007549000075490000754900007549000069
:109C04007549000075490000754900007549000058
:109C14007549000075490000754900007549000048
:109C24007549000075490000754900007549000038
:109C34007549000075490000754900007549000028
:109C44007549000075490000754900007549000018
:109C54007549000075490000754900007549000008
:109C640075490000754900007549000075490000F8
:109C740075490000754900007549000075490000E8
:109C840075490000754900007549000075490000D8
:109C940075490000754900007549000075490000C8
:109CA40075490000754900007549000075490000B8
:109CB40075490000754900007549000075490000A8
:109CC4007549000075490000754900007549000098
:109CD4007549000075490000754900007549000088
:109CE4007549000075490000754900007549000078
:109CF4007549000075490000754900007549000068
:109D04007549000075490000754900007549000057
:109D14007549000075490000754900007549000047
:109D24007549000075490000754900007549000037
:109D34007549000075490000754900007549000027
:109D44007549000075490000754900007549000017
:109D54007549000075490000754900007549000007
:109D640075490000754900007549000075490000F7
:109D740075490000754900007549000075490000E7
:109D840075490000754900007549000075490000D7
:109D940075490000754900007549000075490000C7
:109DA40075490000754900007549000075490000B7
:109DB40075490000754900007549000075490000A7
:109DC4007549000000000000800000002800000029
:109DD40000010400010000000000000002015749D6
:109DE4004E55534200000000000000000000000037
:109DF4000000000012034D005300460054003100DF
:109E040030003000F80000000A00000005000000E7
:109E140000000000050000000C030000000000002A
:109E2400000000000000000000000000000000002E
:109E3400000000000000000000000000000000001E
:109E4400000000000000000000000000000000000E
:109E540000000000000000000000000000000000FE
:109E640000000000000000000000000000000000EE
:109E740000000000000000000000000000000000DE
:109E840000000000000000000000000000000000CE
:109E940000000000000000000000000000000000BE
:109EA40000000000000000000000000000000000AE
:109EB400000000000000000000000000000000009E
:109EC400000000000000000000000000000000008E
:109ED400000000000000000000000000000000007E
:109EE400000000000000000000000000000000006E
:109EF400000000000000000000000000000000005E
:109F0400000000000000000000000000000000004D
:109F1400000000000000000000000000000000003D
:109F2400000000000000000000000000000000002D
:109F3400000000000000000000000000000000001D
:109F4400000000000000000000000000000000000D
:109F540000000000000000000000000000000000FD
:109F640000000000000000000000000000000000ED
:109F740000000000000000000000000000000000DD
:109F840000000000000000000000000000000000CD
:109F940000000000000000000000000000000000BD
:109FA40000000000000000000000000000000000AD
:109FB400000000000000000000000000000000009D
:109FC400000000000000000000000000000000008D
:109FD400000000000000000000000000000000007D
:109FE400000000000000000000000000000000006D
:109FF400000000000000000000000000000000005D
:10A00400000000000000000000000000000000004C
:10A01400000000000000000000000000000000003C
:10A02400000000000000000000000000000000002C
:10A03400000000000000000000000000000000001C
:10A04400000000000000000000000000000000000C
:10A0540000000000000000000000000000000000FC
:10A0640000000000000000000000000000000000EC
:10A0740000000000000000000000000000000000DC
:10A0840000000000000000000000000000000000CC
:10A0940000000000000000000000000000000000BC
:10A0A40000000000000000000000000000000000AC
:10A0B400000000000000000000000000000000009C
:10A0C400000000000000000000000000000000008C
:10A0D400000000000000000000000000000000007C
:10A0E400000000000000000000000000000000006C
:10A0F400000000000000000000000000000000005C
:10A10400000000000000000000000000000000004B
:10A11400000000000000000000000000000000003B
:10A12400000000000000000000000000000000002B
:10A13400000000000000000000000000000000001B
:10A14400000000000000000000000000000000000B
:10A1540000000000000000000000000000000000FB
:10A1640000000000000000000000000000000000EB
:10A1740000000000000000000000000000000000DB
:10A1840000000000000000000000000000000000CB
:10A1940000000000000000000000000000000000BB
:10A1A40000000000000000000000000000000000AB
:10A1B400000000000000000000000000000000009B
:10A1C400000000000000000000000000000000008B
:10A1D400000000000000000000000000000000007B
:10A1E400000000000000000000000000000000006B
:10A1F400000000000000000000000000000000005B
:10A20400000000000000000000000000000000004A
:10A21400000000000000000000000000000000003A
:10A22400000000000000000000000000000000002A
:10A23400000000000000000000000000000000001A
:10A24400000000000000000000000000000000000A
:10A2540000000000000000000000000000000000FA
:10A2640000000000000000000000000000000000EA
:10A2740000000000000000000000000000000000DA
:10A2840000000000000000000000000000000000CA
:10A2940000000000000000000000000000000000BA
:10A2A40000000000000000000000000000000000AA
:10A2B400000000000000000000000000000000009A
:10A2C400000000000000000000000000000000008A
:10A2D400FFFFFFFFFFFFFFFFFFFFFFFFFFFFFFFF8A
:10A2E400FFFFFFFFFFFFFFFFFFFFFFFFFFFFFFFF7A
:10A2F400FFFFFFFFFFFFFFFFFFFFFFFFFFFFFFFF6A
:10A30400FFFFFFFFFFFFFFFFFFFFFFFFFFFFFFFF59
:10A31400FFFFFFFFFFFFFFFFFFFFFFFFFFFFFFFF49
:10A32400FFFFFFFFFFFFFFFFFFFFFFFFFFFFFFFF39
:10A33400FFFFFFFFFFFFFFFFFFFFFFFFFFFFFFFF29
:10A34400FFFFFFFFFFFFFFFFFFFFFFFFFFFFFFFF19
:10A35400FFFFFFFFFFFFFFFFFFFFFFFFFFFFFFFF09
:10A36400FFFFFFFFFFFFFFFFFFFFFFFFFFFFFFFFF9
:10A37400FFFFFFFFFFFFFFFFFFFFFFFFFFFFFFFFE9
:10A38400FFFFFFFFFFFFFFFFFFFFFFFFFFFFFFFFD9
:10A39400FFFFFFFFFFFFFFFFFFFFFFFFFFFFFFFFC9
:10A3A400FFFFFFFFFFFFFFFFFFFFFFFFFFFFFFFFB9
:10A3B400FFFFFFFFFFFFFFFFFFFFFFFFFFFFFFFFA9
:10A3C400FFFFFFFFFFFFFFFFFFFFFFFFFFFFFFFF99
:10A3D400FFFFFFFFFFFFFFFFFFFFFFFFFFFFFFFF89
:10A3E400FFFFFFFFFFFFFFFFFFFFFFFFFFFFFFFF79
:10A3F400FFFFFFFFFFFFFFFFFFFFFFFF0000000065
:10A404000000000000000000000000000000000048
:10A414000000000000000000000000000000000038
:10A424000000000000000000000000000000000028
:10A434000000000000000000000000000000000018
:10A444000000000000000000000000000000000008
:10A4540000000000000000000000000000000000F8
:10A4640000000000000000000000000000000000E8
:10A4740000000000000000000000000000000000D8
:10A4840000000000000000000000000000000000C8
:10A4940000000000000000000000000000000000B8
:10A4A40000000000000000000000000000000000A8
:10A4B4000000000000000000000000000000000098
:10A4C4000000000000000000000000000000000088
:10A4D4000000000000000000000000000000000078
:10A4E4000000000000000000000000000000000068
:10A4F4000000000000000000000000000000000058
:10A504000000000000000000000000000000000047
:10A514000000000000000000000000000000000037
:10A524000000000000000000000000000000000027
:10A534000000000000000000000000000000000017
:10A544000000000000000000000000000000000007
:10A5540000000000000000000000000000000000F7
:10A5640000000000000000000000000000000000E7
:10A5740000000000000000000000000000000000D7
:10A5840000000000000000000000000000000000C7
:10A5940000000000000000000000000000000000B7
:10A5A40000000000000000000000000000000000A7
:10A5B4000000000000000000000000000000000097
:10A5C4000000000000000000000000000000000087
:10A5D4000000000000000000000000000000000077
:10A5E4000000000000000000000000000000000067
:10A5F4000000000000000000000000000000000057
:10A604000000000000000000000000000000000046
:10A614000000000000000000000000000000000036
:10A624000000000000000000000000000000000026
:10A634000000000000000000000000000000000016
:10A644000000000000000000000000000000000006
:10A6540000000000000000000000000000000000F6
:10A6640000000000000000000000000000000000E6
:10A6740000000000000000000000000000000000D6
:10A6840000000000000000000000000000000000C6
:10A6940000000000000000000000000000000000B6
:10A6A40000000000000000000000000000000000A6
:10A6B4000000000000000000000000000000000096
:10A6C4000000000000000000000000000000000086
:10A6D4000000000000000000000000000000000076
:10A6E4000000000000000000000000000000000066
:10A6F4000000000000000000000000000000000056
:10A704000000000000000000000000000000000045
:10A714000000000000000000000000000000000035
:10A724000000000000000000000000000000000025
:10A734000000000000000000000000000000000015
:10A744000000000000000000000000000000000005
:10A7540000000000000000000000000000000000F5
:10A7640000000000000000000000000000000000E5
:10A7740000000000000000000000000000000000D5
:10A7840000000000000000000000000000000000C5
:10A7940000000000000000000000000000000000B5
:10A7A40000000000000000000000000000000000A5
:10A7B4000000000000000000000000000000000095
:10A7C4000000000000000000000000000000000085
:10A7D4000000000000000000000000000000000075
:10A7E4000000000000000000000000000000000065
:10A7F4000000000000000000000000000000000055
:10A804000000000000000000000000000000000044
:10A814000000000000000000000000000000000034
:10A824000000000000000000000000000000000024
:10A834000000000000000000000000000000000014
:10A844000000000000000000000000000000000004
:10A8540000000000000000000000000000000000F4
:10A8640000000000000000000000000000000000E4
:10A8740000000000000000000000000000000000D4
:10A8840000000000000000000000000000000000C4
:10A8940000000000000000000000000000000000B4
:10A8A40000000000000000000000000000000000A4
:10A8B4000000000000000000000000000000000094
:10A8C4000000000000000000000000000000000084
:10A8D4000000000000000000000000000000000074
:10A8E4000000000000000000000000000000000064
:10A8F4000000000000000000000000000000000054
:10A904000000000000000000000000000000000043
:10A914000000000000000000000000000000000033
:10A924000000000000000000000000000000000023
:10A934000000000000000000000000000000000013
:10A944000000000000000000000000000000000003
:10A9540000000000000000000000000000000000F3
:10A9640000000000000000000000000000000000E3
:10A9740000000000000000000000000000000000D3
:10A9840000000000000000000000000000000000C3
:10A9940000000000000000000000000000000000B3
:10A9A40000000000000000000000000000000000A3
:10A9B4000000000000000000000000000000000093
:10A9C4000000000000000000000000000000000083
:10A9D4000000000000000000000000000000000073
:10A9E4000000000000000000000000000000000063
:10A9F4000000000000000000000000000000000053
:10AA04000000000000000000000000000000000042
:10AA14000000000000000000000000000000000032
:10AA24000000000000000000000000000000000022
:10AA34000000000000000000000000000000000012
:10AA44000000000000000000000000000000000002
:10AA540000000000000000000000000000000000F2
:10AA640000000000000000000000000000000000E2
:10AA740000000000000000000000000000000000D2
:10AA840000000000000000000000000000000000C2
:10AA940000000000000000000000000000000000B2
:10AAA40000000000000000000000000000000000A2
:10AAB4000000000000000000000000000000000092
:10AAC4000000000000000000000000000000000082
:10AAD4000000000000000000000000000000000072
:10AAE4000000000000000000000000000000000062
:10AAF4000000000000000000000000000000000052
:10AB04000000000000000000000000000000000041
:10AB14000000000000000000000000000000000031
:10AB24000000000000000000000000000000000021
:10AB34000000000000000000000000000000000011
:10AB44000000000000000000000000000000000001
:10AB540000000000000000000000000000000000F1
:10AB640000000000000000000000000000000000E1
:10AB740000000000000000000000000000000000D1
:10AB840000000000000000000000000000000000C1
:10AB940000000000000000000000000000000000B1
:10ABA40000000000000000000000000000000000A1
:10ABB4000000000000000000000000000000000091
:10ABC4000000000000000000000000000000000081
:10ABD4000000000000000000000000000000000071
:10ABE4000000000000000000000000000000000061
:10ABF4000000000000000000000000000000000051
:10AC04000000000000000000000000000000000040
:10AC14000000000000000000000000000000000030
:10AC24000000000000000000000000000000000020
:10AC34000000000000000000000000000000000010
:10AC44000000000000000000000000000000000000
:10AC540000000000000000000000000000000000F0
:10AC640000000000000000000000000000000000E0
:10AC740000000000000000000000000000000000D0
:10AC840000000000000000000000000000000000C0
:10AC940000000000000000000000000000000000B0
:10ACA40000000000000000000000000000000000A0
:10ACB4000000000000000000000000000000000090
:10ACC4000000000000000000000000000000000080
:10ACD4000000000000000000000000000000000070
:10ACE4000000000000000000000000000000000060
:10ACF4000000000000000000000000000000000050
:10AD0400000000000000000000000000000000003F
:10AD1400000000000000000000000000000000002F
:10AD2400000000000000000000000000000000001F
:10AD3400000000000000000000000000000000000F
:10AD440000000000000000000000000000000000FF
:10AD540000000000000000000000000000000000EF
:10AD640000000000000000000000000000000000DF
:10AD740000000000000000000000000000000000CF
:10AD840000000000000000000000000000000000BF
:10AD940000000000000000000000000000000000AF
:10ADA400000000000000000000000000000000009F
:10ADB400000000000000000000000000000000008F
:10ADC400000000000000000000000000000000007F
:10ADD400000000000000000000000000000000006F
:10ADE400000000000000000000000000000000005F
:10ADF400000000000000000000000000000000004F
:10AE0400000000000000000000000000000000003E
:10AE1400000000000000000000000000000000002E
:10AE2400000000000000000000000000000000001E
:10AE3400000000000000000000000000000000000E
:10AE440000000000000000000000000000000000FE
:10AE540000000000000000000000000000000000EE
:10AE640000000000000000000000000000000000DE
:10AE740000000000000000000000000000000000CE
:10AE840000000000000000000000000000000000BE
:10AE940000000000000000000000000000000000AE
:10AEA400000000000000000000000000000000009E
:10AEB400000000000000000000000000000000008E
:10AEC400000000000000000000000000000000007E
:10AED400000000000000000000000000000000006E
:10AEE400000000000000000000000000000000005E
:10AEF400000000000000000000000000000000004E
:10AF0400000000000000000000000000000000003D
:10AF1400000000000000000000000000000000002D
:10AF2400000000000000000000000000000000001D
:10AF3400000000000000000000000000000000000D
:10AF440000000000000000000000000000000000FD
:10AF540000000000000000000000000000000000ED
:10AF640000000000000000000000000000000000DD
:10AF740000000000000000000000000000000000CD
:10AF840000000000000000000000000000000000BD
:10AF940000000000000000000000000000000000AD
:10AFA400000000000000000000000000000000009D
:10AFB400000000000000000000000000000000008D
:10AFC400000000000000000000000000000000007D
:10AFD400000000000000000000000000000000006D
:10AFE400000000000000000000000000000000005D
:0CAFF40000000000000000000000000051
:040000056000100087
:00000001FF
